TP,TC,PC,PCode,Name,Alter,PCode2,Geschl,Fragest,Bildungs,aNEOform,aNEOstatus,aNEOdate,aNEOdur,aNEOage,aNEO01P,aNEO01N1,aNEO02P,aNEO02N1,aNEO03P,aNEO03N1,aNEO04P,aNEO04N1,aNEO05P,aNEO05N1,aNEO06P,aNEO06N1,aNEO07P,aNEO07N1,aNEO08P,aNEO08N1,aNEO09P,aNEO09N1,aNEO0AP,aNEO0AN1,aNEO0BP,aNEO0BN1,aNEO0CP,aNEO0CN1,aNEO0DP,aNEO0DN1,aNEO0EP,aNEO0EN1,aNEO0FP,aNEO0FN1,aNEO0GP,aNEO0GN1,aNEO0HP,aNEO0HN1,aNEO0IP,aNEO0IN1,aNEO0JP,aNEO0JN1,aNEO0KP,aNEO0KN1,aNEO0LP,aNEO0LN1,aNEO0MP,aNEO0MN1,aNEO0NP,aNEO0NN1,aNEO0OP,aNEO0ON1,aNEO0PP,aNEO0PN1,aNEO0QP,aNEO0QN1,aNEO0RP,aNEO0RN1,aNEO0SP,aNEO0SN1,aNEO0TP,aNEO0TN1,aNEO0UP,aNEO0UN1,aNEO0VP,aNEO0VN1,aNEO0WP,aNEO0WN1,aNEO0XP,aNEO0XN1,aNEO0YP,aNEO0YN1,aNEO0ZP,aNEO0ZN1,aNEO10P,aNEO10N1,aNEO11P,aNEO11N1,aNEO1001,aNEO1002,aNEO1003,aNEO1004,aNEO1005,aNEO1006,aNEO1007,aNEO1008,aNEO1009,aNEO1010,aNEO1011,aNEO1012,aNEO1013,aNEO1014,aNEO1015,aNEO1016,aNEO1017,aNEO1018,aNEO1019,aNEO1020,aNEO1021,aNEO1022,aNEO1023,aNEO1024,aNEO1025,aNEO1026,aNEO1027,aNEO1028,aNEO1029,aNEO1030,aNEO1031,aNEO1032,aNEO1033,aNEO1034,aNEO1035,aNEO1036,aNEO1037,aNEO1038,aNEO1039,aNEO1040,aNEO1041,aNEO1042,aNEO1043,aNEO1044,aNEO1045,aNEO1046,aNEO1047,aNEO1048,aNEO1049,aNEO1050,aNEO1051,aNEO1052,aNEO1053,aNEO1054,aNEO1055,aNEO1056,aNEO1057,aNEO1058,aNEO1059,aNEO1060,aNEO1061,aNEO1062,aNEO1063,aNEO1064,aNEO1065,aNEO1066,aNEO1067,aNEO1068,aNEO1069,aNEO1070,aNEO1071,aNEO1072,aNEO1073,aNEO1074,aNEO1075,aNEO1076,aNEO1077,aNEO1078,aNEO1079,aNEO1080,aNEO1081,aNEO1082,aNEO1083,aNEO1084,aNEO1085,aNEO1086,aNEO1087,aNEO1088,aNEO1089,aNEO1090,aNEO1091,aNEO1092,aNEO1093,aNEO1094,aNEO1095,aNEO1096,aNEO1097,aNEO1098,aNEO1099,aNEO1100,aNEO1101,aNEO1102,aNEO1103,aNEO1104,aNEO1105,aNEO1106,aNEO1107,aNEO1108,aNEO1109,aNEO1110,aNEO1111,aNEO1112,aNEO1113,aNEO1114,aNEO1115,aNEO1116,aNEO1117,aNEO1118,aNEO1119,aNEO1120,aNEO1121,aNEO1122,aNEO1123,aNEO1124,aNEO1125,aNEO1126,aNEO1127,aNEO1128,aNEO1129,aNEO1130,aNEO1131,aNEO1132,aNEO1133,aNEO1134,aNEO1135,aNEO1136,aNEO1137,aNEO1138,aNEO1139,aNEO1140,aNEO1141,aNEO1142,aNEO1143,aNEO1144,aNEO1145,aNEO1146,aNEO1147,aNEO1148,aNEO1149,aNEO1150,aNEO1151,aNEO1152,aNEO1153,aNEO1154,aNEO1155,aNEO1156,aNEO1157,aNEO1158,aNEO1159,aNEO1160,aNEO1161,aNEO1162,aNEO1163,aNEO1164,aNEO1165,aNEO1166,aNEO1167,aNEO1168,aNEO1169,aNEO1170,aNEO1171,aNEO1172,aNEO1173,aNEO1174,aNEO1175,aNEO1176,aNEO1177,aNEO1178,aNEO1179,aNEO1180,aNEO1181,aNEO1182,aNEO1183,aNEO1184,aNEO1185,aNEO1186,aNEO1187,aNEO1188,aNEO1189,aNEO1190,aNEO1191,aNEO1192,aNEO1193,aNEO1194,aNEO1195,aNEO1196,aNEO1197,aNEO1198,aNEO1199,aNEO1200,aNEO1201,aNEO1202,aNEO1203,aNEO1204,aNEO1205,aNEO1206,aNEO1207,aNEO1208,aNEO1209,aNEO1210,aNEO1211,aNEO1212,aNEO1213,aNEO1214,aNEO1215,aNEO1216,aNEO1217,aNEO1218,aNEO1219,aNEO1220,aNEO1221,aNEO1222,aNEO1223,aNEO1224,aNEO1225,aNEO1226,aNEO1227,aNEO1228,aNEO1229,aNEO1230,aNEO1231,aNEO1232,aNEO1233,aNEO1234,aNEO1235,aNEO1236,aNEO1237,aNEO1238,aNEO1239,aNEO1240,aNEO1241,aNEO1242,aNEO1243,aNEO2001,aNEO2002,aNEO2003,aNEO2004,aNEO2005,aNEO2006,aNEO2007,aNEO2008,aNEO2009,aNEO2010,aNEO2011,aNEO2012,aNEO2013,aNEO2014,aNEO2015,aNEO2016,aNEO2017,aNEO2018,aNEO2019,aNEO2020,aNEO2021,aNEO2022,aNEO2023,aNEO2024,aNEO2025,aNEO2026,aNEO2027,aNEO2028,aNEO2029,aNEO2030,aNEO2031,aNEO2032,aNEO2033,aNEO2034,aNEO2035,aNEO2036,aNEO2037,aNEO2038,aNEO2039,aNEO2040,aNEO2041,aNEO2042,aNEO2043,aNEO2044,aNEO2045,aNEO2046,aNEO2047,aNEO2048,aNEO2049,aNEO2050,aNEO2051,aNEO2052,aNEO2053,aNEO2054,aNEO2055,aNEO2056,aNEO2057,aNEO2058,aNEO2059,aNEO2060,aNEO2061,aNEO2062,aNEO2063,aNEO2064,aNEO2065,aNEO2066,aNEO2067,aNEO2068,aNEO2069,aNEO2070,aNEO2071,aNEO2072,aNEO2073,aNEO2074,aNEO2075,aNEO2076,aNEO2077,aNEO2078,aNEO2079,aNEO2080,aNEO2081,aNEO2082,aNEO2083,aNEO2084,aNEO2085,aNEO2086,aNEO2087,aNEO2088,aNEO2089,aNEO2090,aNEO2091,aNEO2092,aNEO2093,aNEO2094,aNEO2095,aNEO2096,aNEO2097,aNEO2098,aNEO2099,aNEO2100,aNEO2101,aNEO2102,aNEO2103,aNEO2104,aNEO2105,aNEO2106,aNEO2107,aNEO2108,aNEO2109,aNEO2110,aNEO2111,aNEO2112,aNEO2113,aNEO2114,aNEO2115,aNEO2116,aNEO2117,aNEO2118,aNEO2119,aNEO2120,aNEO2121,aNEO2122,aNEO2123,aNEO2124,aNEO2125,aNEO2126,aNEO2127,aNEO2128,aNEO2129,aNEO2130,aNEO2131,aNEO2132,aNEO2133,aNEO2134,aNEO2135,aNEO2136,aNEO2137,aNEO2138,aNEO2139,aNEO2140,aNEO2141,aNEO2142,aNEO2143,aNEO2144,aNEO2145,aNEO2146,aNEO2147,aNEO2148,aNEO2149,aNEO2150,aNEO2151,aNEO2152,aNEO2153,aNEO2154,aNEO2155,aNEO2156,aNEO2157,aNEO2158,aNEO2159,aNEO2160,aNEO2161,aNEO2162,aNEO2163,aNEO2164,aNEO2165,aNEO2166,aNEO2167,aNEO2168,aNEO2169,aNEO2170,aNEO2171,aNEO2172,aNEO2173,aNEO2174,aNEO2175,aNEO2176,aNEO2177,aNEO2178,aNEO2179,aNEO2180,aNEO2181,aNEO2182,aNEO2183,aNEO2184,aNEO2185,aNEO2186,aNEO2187,aNEO2188,aNEO2189,aNEO2190,aNEO2191,aNEO2192,aNEO2193,aNEO2194,aNEO2195,aNEO2196,aNEO2197,aNEO2198,aNEO2199,aNEO2200,aNEO2201,aNEO2202,aNEO2203,aNEO2204,aNEO2205,aNEO2206,aNEO2207,aNEO2208,aNEO2209,aNEO2210,aNEO2211,aNEO2212,aNEO2213,aNEO2214,aNEO2215,aNEO2216,aNEO2217,aNEO2218,aNEO2219,aNEO2220,aNEO2221,aNEO2222,aNEO2223,aNEO2224,aNEO2225,aNEO2226,aNEO2227,aNEO2228,aNEO2229,aNEO2230,aNEO2231,aNEO2232,aNEO2233,aNEO2234,aNEO2235,aNEO2236,aNEO2237,aNEO2238,aNEO2239,aNEO2240,aNEO2241,aNEO2242,aNEO2243
NUP1419008,Uppsala,Dator 01,PF760001006,NUP1419008,556.0,NUP1419008,2.0,,,2.0,Completed,41691.42024305555,1727.0,526.0,LOCAL,,0.0,,89.0,40.0,47.0,20.0,89.0,40.0,111.0,35.0,156.0,80.0,16.0,49.0,14.0,45.0,21.0,49.0,10.0,37.0,9.0,37.0,19.0,43.0,7.0,21.0,10.0,28.0,14.0,22.0,7.0,27.0,0.0,20.0,9.0,30.0,18.0,39.0,8.0,30.0,14.0,50.0,17.0,49.0,12.0,47.0,20.0,46.0,12.0,26.0,20.0,45.0,19.0,33.0,12.0,34.0,26.0,58.0,22.0,44.0,24.0,66.0,25.0,77.0,31.0,78.0,28.0,78.0,25.0,70.0,23.0,75.0,,,,,,,,,,,,,,,,,,,,,,,,,,,,,,,,,,,,,,,,,,,,,,,,,,,,,,,,,,,,,,,,,,,,,,,,,,,,,,,,,,,,,,,,,,,,,,,,,,,,,,,,,,,,,,,,,,,,,,,,,,,,,,,,,,,,,,,,,,,,,,,,,,,,,,,,,,,,,,,,,,,,,,,,,,,,,,,,,,,,,,,,,,,,,,,,,,,,,,,,,,,,,,,,,,,,,,,,,,,,,,,,,,,,,,,,,,,,,,,,,,,,2.0,3.0,3.0,4.0,2.0,5.0,5.0,1.0,3.0,5.0,1.0,4.0,2.0,3.0,2.0,5.0,2.0,3.0,3.0,4.0,2.0,2.0,1.0,2.0,1.0,4.0,3.0,3.0,4.0,4.0,2.0,2.0,3.0,3.0,4.0,1.0,1.0,3.0,4.0,3.0,5.0,3.0,1.0,4.0,3.0,1.0,4.0,2.0,4.0,1.0,4.0,3.0,3.0,3.0,5.0,2.0,3.0,3.0,4.0,2.0,2.0,3.0,3.0,3.0,2.0,5.0,3.0,5.0,3.0,4.0,1.0,3.0,5.0,3.0,3.0,5.0,3.0,3.0,2.0,4.0,2.0,3.0,3.0,1.0,1.0,5.0,2.0,1.0,5.0,5.0,4.0,3.0,2.0,3.0,5.0,3.0,3.0,4.0,2.0,3.0,4.0,5.0,2.0,4.0,2.0,2.0,2.0,1.0,3.0,1.0,4.0,3.0,5.0,4.0,5.0,3.0,4.0,3.0,2.0,2.0,1.0,3.0,2.0,4.0,2.0,3.0,4.0,4.0,5.0,5.0,5.0,3.0,5.0,2.0,3.0,5.0,2.0,5.0,2.0,2.0,2.0,3.0,2.0,1.0,1.0,3.0,3.0,3.0,4.0,4.0,4.0,4.0,2.0,2.0,4.0,2.0,1.0,3.0,2.0,3.0,5.0,3.0,4.0,3.0,3.0,2.0,3.0,3.0,3.0,2.0,3.0,2.0,4.0,4.0,5.0,3.0,4.0,3.0,4.0,2.0,2.0,3.0,,3.0,2.0,4.0,3.0,2.0,3.0,4.0,5.0,2.0,3.0,3.0,2.0,4.0,3.0,3.0,3.0,2.0,5.0,3.0,3.0,4.0,5.0,2.0,3.0,2.0,4.0,3.0,5.0,3.0,4.0,2.0,2.0,4.0,2.0,2.0,2.0,3.0,5.0,3.0,3.0,3.0,2.0,4.0,2.0,4.0,4.0,1.0,1.0,1.0,2.0,1.0,1.0,1.0,4.0,3.0,3.0,3.0,5.0,2.0,1.0
NUP1429017,Uppsala,Dator 01,PF760001012,NUP1429017,12015.0,,1.0,,,2.0,Completed,41786.55043981481,1263.0,11988.0,LOCAL,,0.0,,124.0,61.0,109.0,44.0,118.0,56.0,151.0,65.0,105.0,67.0,15.0,48.0,15.0,52.0,25.0,64.0,14.0,48.0,26.0,67.0,28.6,72.0,21.7,51.0,14.0,40.0,20.0,41.0,14.9,46.0,13.0,35.0,25.0,62.0,30.0,72.0,28.0,69.0,11.4,43.0,12.0,39.0,19.0,57.0,18.0,46.0,23.0,56.0,23.0,55.0,32.0,76.0,19.0,52.0,26.0,62.0,28.0,65.0,14.0,55.0,12.6,53.0,27.0,80.0,20.0,68.0,19.0,62.0,12.6,57.0,,,,,,,,,,,,,,,,,,,,,,,,,,,,,,,,,,,,,,,,,,,,,,,,,,,,,,,,,,,,,,,,,,,,,,,,,,,,,,,,,,,,,,,,,,,,,,,,,,,,,,,,,,,,,,,,,,,,,,,,,,,,,,,,,,,,,,,,,,,,,,,,,,,,,,,,,,,,,,,,,,,,,,,,,,,,,,,,,,,,,,,,,,,,,,,,,,,,,,,,,,,,,,,,,,,,,,,,,,,,,,,,,,,,,,,,,,,,,,,,,,,,3.0,4.0,3.0,2.0,4.0,3.0,1.0,3.0,2.0,4.0,2.0,3.0,3.0,1.0,4.0,1.0,4.0,2.0,5.0,5.0,3.0,2.0,4.0,3.0,4.0,3.0,5.0,3.0,5.0,2.0,1.0,2.0,4.0,5.0,1.0,3.0,5.0,5.0,3.0,4.0,5.0,5.0,2.0,5.0,3.0,2.0,4.0,2.0,4.0,4.0,4.0,1.0,1.0,2.0,4.0,3.0,4.0,4.0,2.0,4.0,5.0,5.0,2.0,3.0,4.0,1.0,4.0,5.0,4.0,3.0,2.0,,5.0,1.0,2.0,5.0,3.0,5.0,4.0,5.0,4.0,4.0,1.0,1.0,4.0,4.0,5.0,1.0,5.0,2.0,3.0,1.0,2.0,5.0,3.0,1.0,4.0,1.0,1.0,4.0,4.0,3.0,3.0,5.0,1.0,4.0,2.0,5.0,4.0,2.0,5.0,1.0,1.0,5.0,4.0,5.0,3.0,5.0,1.0,4.0,1.0,5.0,1.0,1.0,4.0,1.0,1.0,1.0,5.0,4.0,4.0,2.0,5.0,1.0,4.0,4.0,2.0,4.0,4.0,2.0,1.0,5.0,4.0,1.0,4.0,4.0,2.0,,4.0,1.0,4.0,5.0,4.0,4.0,5.0,5.0,5.0,5.0,1.0,4.0,5.0,4.0,1.0,5.0,4.0,4.0,1.0,4.0,3.0,4.0,4.0,4.0,1.0,4.0,4.0,5.0,4.0,5.0,5.0,4.0,2.0,5.0,1.0,4.0,5.0,4.0,1.0,2.0,1.0,5.0,5.0,3.0,3.0,5.0,4.0,5.0,2.0,3.0,4.0,4.0,2.0,1.0,5.0,5.0,5.0,4.0,1.0,1.0,5.0,3.0,1.0,5.0,2.0,1.0,,,5.0,1.0,4.0,4.0,4.0,3.0,5.0,5.0,2.0,5.0,2.0,5.0,1.0,,4.0,1.0,5.0,1.0,2.0,,4.0,1.0,3.0,5.0,5.0,2.0,1.0
NUP1429020,Uppsala,Dator 01,PF760001015,NUP1429020,12014.0,,1.0,,,2.0,Completed,41806.387777777774,4786.0,11988.0,LOCAL,,0.0,,95.0,48.0,98.0,39.0,115.0,54.0,127.0,51.0,93.0,61.0,11.0,40.0,18.0,57.0,17.0,46.0,16.0,52.0,15.0,49.0,18.0,43.0,16.0,35.0,13.0,37.0,22.0,46.0,17.0,50.0,15.0,39.0,15.0,41.0,22.0,53.0,20.0,54.0,16.0,50.0,16.0,48.0,22.0,63.0,19.0,48.0,20.0,49.0,21.0,51.0,25.0,56.0,17.0,47.0,22.0,54.0,22.0,50.0,16.0,59.0,17.0,62.0,16.0,58.0,18.0,63.0,15.0,52.0,11.0,53.0,,,,,,,,,,,,,,,,,,,,,,,,,,,,,,,,,,,,,,,,,,,,,,,,,,,,,,,,,,,,,,,,,,,,,,,,,,,,,,,,,,,,,,,,,,,,,,,,,,,,,,,,,,,,,,,,,,,,,,,,,,,,,,,,,,,,,,,,,,,,,,,,,,,,,,,,,,,,,,,,,,,,,,,,,,,,,,,,,,,,,,,,,,,,,,,,,,,,,,,,,,,,,,,,,,,,,,,,,,,,,,,,,,,,,,,,,,,,,,,,,,,,2.0,4.0,2.0,3.0,2.0,3.0,3.0,2.0,3.0,4.0,3.0,4.0,3.0,2.0,4.0,4.0,4.0,2.0,5.0,4.0,4.0,3.0,1.0,3.0,3.0,1.0,4.0,3.0,4.0,5.0,2.0,3.0,3.0,4.0,4.0,2.0,2.0,5.0,2.0,4.0,3.0,3.0,3.0,4.0,2.0,3.0,3.0,3.0,4.0,4.0,3.0,2.0,3.0,4.0,4.0,4.0,4.0,3.0,2.0,3.0,4.0,3.0,2.0,3.0,4.0,4.0,2.0,5.0,2.0,3.0,4.0,4.0,4.0,2.0,3.0,4.0,4.0,4.0,3.0,3.0,4.0,5.0,4.0,2.0,3.0,4.0,3.0,3.0,5.0,4.0,2.0,2.0,4.0,3.0,4.0,4.0,4.0,3.0,4.0,4.0,3.0,4.0,4.0,4.0,4.0,3.0,4.0,4.0,2.0,4.0,4.0,2.0,3.0,4.0,3.0,4.0,5.0,4.0,4.0,3.0,2.0,3.0,2.0,2.0,3.0,2.0,4.0,2.0,5.0,3.0,4.0,3.0,4.0,2.0,5.0,2.0,3.0,4.0,3.0,4.0,2.0,3.0,2.0,2.0,4.0,4.0,3.0,4.0,4.0,3.0,3.0,4.0,4.0,4.0,2.0,2.0,5.0,5.0,1.0,2.0,3.0,3.0,3.0,5.0,3.0,4.0,3.0,3.0,4.0,4.0,2.0,4.0,2.0,3.0,4.0,4.0,3.0,4.0,4.0,3.0,3.0,5.0,4.0,3.0,3.0,3.0,2.0,2.0,1.0,5.0,4.0,2.0,3.0,4.0,4.0,4.0,3.0,3.0,4.0,3.0,4.0,3.0,3.0,4.0,3.0,4.0,3.0,2.0,4.0,4.0,4.0,4.0,2.0,4.0,4.0,3.0,4.0,2.0,3.0,4.0,2.0,3.0,3.0,4.0,5.0,4.0,4.0,3.0,2.0,3.0,4.0,4.0,3.0,2.0,3.0,4.0,4.0,3.0,3.0,4.0,5.0,1.0,1.0
NUP1429015,Uppsala,Dator 01,PF760001016,NUP1429015,12014.0,,1.0,,,2.0,Completed,41806.54493055555,1684.0,11988.0,LOCAL,,0.0,,100.0,50.0,94.0,37.0,90.0,42.0,121.0,48.0,86.0,57.0,19.0,56.0,16.0,53.0,15.0,42.0,10.0,39.0,18.0,54.0,22.0,54.0,15.0,32.0,18.0,49.0,18.0,36.0,15.0,46.0,15.0,39.0,13.0,37.0,20.0,49.0,14.0,43.0,15.0,49.0,17.0,51.0,8.0,36.0,16.0,42.0,17.0,42.0,15.0,39.0,20.0,43.0,22.0,59.0,21.0,51.0,26.0,60.0,14.0,55.0,11.0,49.0,16.0,58.0,17.0,61.0,16.0,54.0,12.0,55.0,,,,,,,,,,,,,,,,,,,,,,,,,,,,,,,,,,,,,,,,,,,,,,,,,,,,,,,,,,,,,,,,,,,,,,,,,,,,,,,,,,,,,,,,,,,,,,,,,,,,,,,,,,,,,,,,,,,,,,,,,,,,,,,,,,,,,,,,,,,,,,,,,,,,,,,,,,,,,,,,,,,,,,,,,,,,,,,,,,,,,,,,,,,,,,,,,,,,,,,,,,,,,,,,,,,,,,,,,,,,,,,,,,,,,,,,,,,,,,,,,,,,4.0,4.0,4.0,3.0,3.0,2.0,4.0,1.0,2.0,4.0,2.0,3.0,2.0,3.0,4.0,4.0,4.0,3.0,4.0,4.0,4.0,2.0,4.0,4.0,3.0,3.0,3.0,2.0,4.0,5.0,2.0,3.0,3.0,4.0,4.0,4.0,2.0,3.0,4.0,4.0,2.0,4.0,4.0,4.0,4.0,4.0,4.0,4.0,2.0,4.0,4.0,5.0,2.0,3.0,4.0,3.0,3.0,4.0,2.0,3.0,2.0,4.0,4.0,4.0,3.0,1.0,4.0,4.0,2.0,3.0,4.0,4.0,4.0,4.0,4.0,3.0,2.0,4.0,4.0,4.0,2.0,2.0,4.0,2.0,4.0,3.0,3.0,1.0,5.0,4.0,4.0,3.0,2.0,3.0,4.0,4.0,4.0,4.0,3.0,4.0,4.0,4.0,3.0,4.0,3.0,4.0,2.0,1.0,2.0,4.0,3.0,5.0,2.0,4.0,3.0,4.0,3.0,3.0,2.0,4.0,4.0,3.0,3.0,3.0,2.0,3.0,4.0,4.0,4.0,3.0,2.0,3.0,2.0,2.0,4.0,3.0,2.0,4.0,4.0,4.0,3.0,3.0,2.0,2.0,4.0,2.0,4.0,3.0,5.0,3.0,4.0,4.0,3.0,4.0,2.0,4.0,4.0,4.0,3.0,4.0,3.0,2.0,2.0,4.0,3.0,2.0,3.0,2.0,3.0,3.0,2.0,2.0,4.0,4.0,3.0,4.0,3.0,3.0,5.0,3.0,3.0,4.0,4.0,4.0,3.0,4.0,2.0,3.0,3.0,4.0,4.0,2.0,4.0,4.0,4.0,4.0,4.0,4.0,3.0,4.0,4.0,3.0,3.0,4.0,4.0,3.0,2.0,1.0,4.0,3.0,1.0,3.0,2.0,2.0,4.0,3.0,2.0,1.0,2.0,2.0,3.0,3.0,2.0,3.0,2.0,3.0,2.0,4.0,2.0,2.0,4.0,2.0,3.0,2.0,2.0,4.0,3.0,3.0,3.0,2.0,5.0,1.0,1.0
NUP1429016,Uppsala,Dator 01,PF760001017,NUP1429016,12014.0,,2.0,,,2.0,Completed,41807.42607638889,1431.0,11988.0,LOCAL,,0.0,,88.0,40.0,92.0,33.0,113.0,52.0,113.0,37.0,67.0,43.0,18.0,53.0,8.0,36.0,19.0,44.0,8.0,33.0,13.0,44.0,22.0,52.0,21.0,49.0,13.0,35.0,20.0,37.0,12.0,40.0,11.0,30.0,15.0,42.0,24.0,53.0,17.0,46.0,14.0,50.0,14.0,42.0,20.0,61.0,24.0,54.0,16.0,36.0,19.0,43.0,26.0,54.0,8.0,26.0,24.0,54.0,20.0,39.0,11.0,44.0,8.0,41.0,11.0,44.0,13.0,48.0,19.0,57.0,5.0,35.0,,,,,,,,,,,,,,,,,,,,,,,,,,,,,,,,,,,,,,,,,,,,,,,,,,,,,,,,,,,,,,,,,,,,,,,,,,,,,,,,,,,,,,,,,,,,,,,,,,,,,,,,,,,,,,,,,,,,,,,,,,,,,,,,,,,,,,,,,,,,,,,,,,,,,,,,,,,,,,,,,,,,,,,,,,,,,,,,,,,,,,,,,,,,,,,,,,,,,,,,,,,,,,,,,,,,,,,,,,,,,,,,,,,,,,,,,,,,,,,,,,,,3.0,4.0,4.0,3.0,4.0,2.0,1.0,4.0,3.0,5.0,5.0,4.0,3.0,1.0,3.0,1.0,4.0,3.0,4.0,5.0,3.0,3.0,3.0,2.0,2.0,2.0,1.0,4.0,4.0,3.0,2.0,1.0,4.0,3.0,3.0,4.0,4.0,4.0,1.0,3.0,4.0,3.0,3.0,4.0,3.0,4.0,4.0,2.0,5.0,4.0,3.0,5.0,3.0,3.0,4.0,4.0,4.0,4.0,5.0,3.0,3.0,4.0,3.0,4.0,4.0,3.0,3.0,5.0,3.0,3.0,4.0,2.0,4.0,2.0,3.0,4.0,4.0,5.0,2.0,3.0,2.0,4.0,1.0,1.0,3.0,1.0,2.0,1.0,4.0,4.0,1.0,3.0,2.0,4.0,3.0,5.0,1.0,1.0,3.0,2.0,1.0,4.0,4.0,4.0,1.0,3.0,3.0,2.0,4.0,4.0,4.0,1.0,3.0,4.0,4.0,5.0,4.0,4.0,3.0,3.0,4.0,5.0,2.0,2.0,4.0,1.0,3.0,4.0,4.0,3.0,4.0,3.0,4.0,2.0,3.0,3.0,2.0,4.0,3.0,4.0,2.0,4.0,2.0,2.0,3.0,2.0,1.0,4.0,3.0,2.0,1.0,4.0,2.0,1.0,3.0,5.0,4.0,4.0,2.0,4.0,2.0,4.0,2.0,4.0,4.0,3.0,2.0,2.0,5.0,3.0,2.0,5.0,4.0,4.0,4.0,5.0,5.0,5.0,5.0,3.0,3.0,4.0,3.0,3.0,4.0,4.0,2.0,1.0,3.0,5.0,4.0,3.0,3.0,4.0,4.0,3.0,2.0,4.0,5.0,2.0,4.0,3.0,4.0,4.0,4.0,4.0,5.0,1.0,4.0,2.0,4.0,3.0,2.0,4.0,4.0,2.0,1.0,1.0,4.0,2.0,1.0,3.0,4.0,5.0,3.0,2.0,3.0,4.0,4.0,1.0,3.0,3.0,3.0,2.0,3.0,4.0,4.0,3.0,4.0,3.0,5.0,1.0,1.0
NUP1429021,Uppsala,Dator 01,PF760001018,NUP1429021,12013.0,,1.0,,,2.0,Completed,41821.58146990741,1730.0,11988.0,LOCAL,,0.0,,97.0,48.0,110.0,45.0,90.0,42.0,114.0,44.0,98.0,63.0,20.0,58.0,5.0,36.0,17.0,46.0,9.0,37.0,26.0,67.0,20.0,48.0,23.0,54.0,17.0,47.0,22.0,46.0,18.0,53.0,9.0,27.0,21.0,54.0,12.0,30.0,13.0,41.0,10.0,39.0,14.0,43.0,20.0,59.0,21.0,52.0,16.0,39.0,19.0,47.0,21.0,45.0,16.0,44.0,18.0,45.0,24.0,55.0,15.0,57.0,17.0,62.0,18.0,62.0,18.0,63.0,17.0,57.0,13.0,57.0,,,,,,,,,,,,,,,,,,,,,,,,,,,,,,,,,,,,,,,,,,,,,,,,,,,,,,,,,,,,,,,,,,,,,,,,,,,,,,,,,,,,,,,,,,,,,,,,,,,,,,,,,,,,,,,,,,,,,,,,,,,,,,,,,,,,,,,,,,,,,,,,,,,,,,,,,,,,,,,,,,,,,,,,,,,,,,,,,,,,,,,,,,,,,,,,,,,,,,,,,,,,,,,,,,,,,,,,,,,,,,,,,,,,,,,,,,,,,,,,,,,,3.0,3.0,4.0,3.0,4.0,4.0,5.0,4.0,2.0,4.0,4.0,4.0,2.0,4.0,4.0,5.0,3.0,4.0,5.0,5.0,4.0,3.0,5.0,2.0,2.0,4.0,2.0,2.0,5.0,2.0,1.0,5.0,2.0,4.0,1.0,4.0,3.0,2.0,2.0,2.0,4.0,5.0,2.0,5.0,4.0,2.0,4.0,3.0,4.0,3.0,3.0,2.0,1.0,4.0,5.0,2.0,4.0,5.0,4.0,3.0,2.0,2.0,5.0,2.0,4.0,2.0,3.0,4.0,2.0,1.0,2.0,2.0,4.0,4.0,4.0,4.0,4.0,4.0,3.0,4.0,2.0,2.0,2.0,4.0,4.0,4.0,2.0,1.0,4.0,4.0,4.0,4.0,4.0,4.0,2.0,4.0,4.0,2.0,2.0,5.0,4.0,5.0,4.0,5.0,3.0,2.0,2.0,2.0,2.0,3.0,4.0,3.0,1.0,4.0,4.0,4.0,3.0,4.0,1.0,4.0,3.0,3.0,2.0,4.0,4.0,2.0,4.0,5.0,5.0,4.0,2.0,3.0,3.0,2.0,3.0,3.0,4.0,4.0,4.0,2.0,2.0,5.0,3.0,3.0,3.0,2.0,4.0,4.0,4.0,2.0,3.0,4.0,2.0,2.0,4.0,2.0,4.0,2.0,2.0,4.0,3.0,5.0,3.0,4.0,4.0,4.0,4.0,2.0,4.0,4.0,2.0,5.0,2.0,2.0,5.0,4.0,5.0,4.0,4.0,3.0,4.0,3.0,3.0,4.0,4.0,5.0,4.0,1.0,2.0,5.0,4.0,2.0,5.0,5.0,5.0,2.0,2.0,3.0,4.0,5.0,3.0,4.0,5.0,4.0,4.0,4.0,4.0,4.0,4.0,5.0,3.0,2.0,2.0,1.0,4.0,4.0,2.0,1.0,4.0,2.0,3.0,2.0,2.0,2.0,5.0,2.0,3.0,5.0,4.0,4.0,3.0,2.0,5.0,3.0,2.0,5.0,5.0,4.0,4.0,4.0,4.0,1.0,1.0
NUP1429033,Uppsala,Dator 01,PF490001009,NUP1429033,12010.0,,2.0,,,2.0,Completed,41918.54975694444,2193.0,11988.0,LOCAL,,0.0,,141.0,65.0,102.0,39.0,125.0,58.0,120.0,41.0,142.0,75.0,20.0,57.0,26.0,63.0,27.0,62.0,13.0,43.0,32.0,80.0,23.0,55.0,15.0,34.0,14.0,37.0,29.0,60.0,21.0,61.0,20.0,49.0,3.0,20.0,25.0,56.0,21.0,53.0,21.0,63.0,23.0,64.0,12.0,47.0,23.0,52.0,26.0,60.0,12.0,28.0,23.0,45.0,10.0,30.0,23.0,51.0,26.0,55.0,28.0,72.0,25.0,77.0,27.0,72.0,19.0,60.0,26.0,72.0,17.0,62.0,,,,,,,,,,,,,,,,,,,,,,,,,,,,,,,,,,,,,,,,,,,,,,,,,,,,,,,,,,,,,,,,,,,,,,,,,,,,,,,,,,,,,,,,,,,,,,,,,,,,,,,,,,,,,,,,,,,,,,,,,,,,,,,,,,,,,,,,,,,,,,,,,,,,,,,,,,,,,,,,,,,,,,,,,,,,,,,,,,,,,,,,,,,,,,,,,,,,,,,,,,,,,,,,,,,,,,,,,,,,,,,,,,,,,,,,,,,,,,,,,,,,2.0,4.0,5.0,3.0,4.0,5.0,3.0,1.0,1.0,3.0,2.0,4.0,5.0,5.0,5.0,5.0,4.0,3.0,5.0,4.0,1.0,4.0,5.0,2.0,5.0,1.0,1.0,3.0,4.0,5.0,4.0,1.0,5.0,5.0,3.0,1.0,4.0,5.0,5.0,4.0,5.0,4.0,1.0,5.0,2.0,5.0,5.0,5.0,5.0,5.0,5.0,5.0,1.0,1.0,1.0,2.0,5.0,4.0,4.0,2.0,2.0,4.0,5.0,2.0,2.0,4.0,4.0,2.0,2.0,1.0,1.0,3.0,3.0,2.0,5.0,5.0,3.0,5.0,1.0,4.0,1.0,5.0,5.0,1.0,4.0,5.0,5.0,5.0,4.0,5.0,5.0,1.0,2.0,4.0,5.0,1.0,5.0,5.0,5.0,2.0,5.0,1.0,1.0,5.0,1.0,4.0,5.0,2.0,2.0,5.0,3.0,5.0,1.0,5.0,4.0,5.0,5.0,5.0,1.0,1.0,1.0,5.0,5.0,1.0,4.0,2.0,4.0,4.0,5.0,4.0,5.0,4.0,5.0,1.0,5.0,4.0,1.0,3.0,1.0,3.0,1.0,4.0,5.0,3.0,4.0,3.0,4.0,3.0,5.0,5.0,4.0,5.0,3.0,5.0,4.0,3.0,5.0,5.0,3.0,4.0,4.0,4.0,4.0,1.0,4.0,5.0,4.0,4.0,4.0,4.0,1.0,1.0,1.0,5.0,4.0,3.0,3.0,5.0,5.0,1.0,1.0,1.0,3.0,4.0,4.0,5.0,2.0,4.0,1.0,5.0,4.0,5.0,5.0,5.0,5.0,5.0,3.0,4.0,4.0,4.0,5.0,3.0,5.0,3.0,2.0,3.0,1.0,1.0,5.0,3.0,5.0,4.0,4.0,4.0,3.0,4.0,4.0,4.0,4.0,5.0,3.0,2.0,5.0,5.0,4.0,4.0,4.0,5.0,4.0,4.0,1.0,1.0,5.0,1.0,2.0,1.0,5.0,1.0,4.0,1.0,5.0,1.0,1.0
NUP1429062,Uppsala,Dator 01,PF490001014,NUP1429062,12005.0,,1.0,,,2.0,Completed,42065.42039351852,5134.0,11988.0,LOCAL,,0.0,,83.0,42.0,142.0,61.0,93.0,44.0,106.0,39.0,105.0,67.0,12.0,42.0,6.0,37.0,25.0,64.0,13.0,46.0,11.0,42.0,16.0,37.0,24.0,56.0,20.0,53.0,26.0,55.0,20.0,57.0,26.0,62.0,26.0,64.0,24.0,58.0,18.0,51.0,9.0,37.0,13.0,41.0,7.0,34.0,22.0,54.0,14.0,35.0,25.0,59.0,28.0,65.0,8.0,24.0,16.0,41.0,15.0,32.0,23.0,73.0,24.0,78.0,17.0,60.0,10.0,44.0,14.0,49.0,17.0,67.0,,,,,,,,,,,,,,,,,,,,,,,,,,,,,,,,,,,,,,,,,,,,,,,,,,,,,,,,,,,,,,,,,,,,,,,,,,,,,,,,,,,,,,,,,,,,,,,,,,,,,,,,,,,,,,,,,,,,,,,,,,,,,,,,,,,,,,,,,,,,,,,,,,,,,,,,,,,,,,,,,,,,,,,,,,,,,,,,,,,,,,,,,,,,,,,,,,,,,,,,,,,,,,,,,,,,,,,,,,,,,,,,,,,,,,,,,,,,,,,,,,,,2.0,3.0,2.0,4.0,4.0,5.0,2.0,5.0,3.0,4.0,2.0,3.0,4.0,1.0,5.0,1.0,4.0,2.0,3.0,4.0,2.0,2.0,5.0,5.0,3.0,2.0,2.0,2.0,3.0,1.0,5.0,2.0,3.0,2.0,1.0,1.0,3.0,2.0,2.0,3.0,5.0,4.0,1.0,4.0,2.0,4.0,4.0,2.0,4.0,5.0,2.0,2.0,4.0,2.0,1.0,4.0,5.0,2.0,4.0,4.0,2.0,5.0,2.0,3.0,5.0,2.0,2.0,4.0,4.0,2.0,2.0,1.0,4.0,1.0,4.0,2.0,4.0,5.0,1.0,1.0,4.0,2.0,1.0,4.0,5.0,5.0,2.0,3.0,2.0,1.0,4.0,1.0,2.0,3.0,2.0,2.0,4.0,2.0,2.0,5.0,4.0,5.0,1.0,5.0,1.0,1.0,3.0,5.0,4.0,5.0,1.0,5.0,4.0,5.0,2.0,2.0,2.0,4.0,5.0,3.0,2.0,4.0,1.0,1.0,2.0,3.0,4.0,5.0,5.0,1.0,2.0,3.0,4.0,2.0,4.0,2.0,4.0,5.0,2.0,3.0,3.0,1.0,1.0,2.0,4.0,2.0,3.0,4.0,4.0,2.0,1.0,3.0,4.0,1.0,2.0,2.0,2.0,4.0,1.0,2.0,1.0,2.0,2.0,4.0,4.0,5.0,2.0,2.0,4.0,3.0,5.0,3.0,5.0,3.0,1.0,3.0,3.0,4.0,5.0,4.0,2.0,4.0,4.0,2.0,4.0,5.0,1.0,1.0,1.0,2.0,4.0,2.0,4.0,5.0,4.0,1.0,1.0,4.0,5.0,3.0,1.0,1.0,4.0,3.0,2.0,4.0,2.0,2.0,2.0,5.0,5.0,4.0,2.0,4.0,4.0,4.0,2.0,1.0,3.0,3.0,1.0,5.0,3.0,4.0,4.0,4.0,5.0,2.0,3.0,2.0,2.0,1.0,3.0,2.0,4.0,1.0,5.0,5.0,4.0,4.0,5.0,1.0,1.0
NUP1529002,Uppsala,Dator 01,PF490001016,NUP1529002,12004.0,,1.0,,,2.0,Completed,42103.42134259259,2011.0,11988.0,LOCAL,,0.0,,138.0,68.0,136.0,58.0,68.0,31.0,135.0,56.0,102.0,65.0,29.0,76.0,22.0,63.0,27.0,69.0,2.0,22.0,32.0,77.0,26.0,64.0,28.0,67.0,13.0,37.0,29.0,62.0,13.0,42.0,23.0,56.0,30.0,72.0,28.0,68.0,5.0,27.0,10.0,39.0,8.0,29.0,12.0,44.0,5.0,22.0,17.0,42.0,29.0,67.0,32.0,76.0,9.0,27.0,18.0,45.0,30.0,70.0,17.0,61.0,18.0,64.0,16.0,58.0,22.0,73.0,13.0,46.0,16.0,65.0,,,,,,,,,,,,,,,,,,,,,,,,,,,,,,,,,,,,,,,,,,,,,,,,,,,,,,,,,,,,,,,,,,,,,,,,,,,,,,,,,,,,,,,,,,,,,,,,,,,,,,,,,,,,,,,,,,,,,,,,,,,,,,,,,,,,,,,,,,,,,,,,,,,,,,,,,,,,,,,,,,,,,,,,,,,,,,,,,,,,,,,,,,,,,,,,,,,,,,,,,,,,,,,,,,,,,,,,,,,,,,,,,,,,,,,,,,,,,,,,,,,,5.0,4.0,5.0,5.0,5.0,5.0,5.0,3.0,5.0,2.0,5.0,4.0,3.0,1.0,4.0,5.0,4.0,5.0,5.0,5.0,3.0,1.0,5.0,4.0,4.0,4.0,5.0,1.0,5.0,1.0,1.0,1.0,2.0,3.0,1.0,5.0,1.0,5.0,1.0,3.0,2.0,5.0,1.0,5.0,3.0,1.0,5.0,2.0,5.0,4.0,2.0,5.0,1.0,2.0,2.0,4.0,3.0,5.0,2.0,5.0,3.0,5.0,5.0,3.0,5.0,4.0,5.0,5.0,4.0,3.0,2.0,2.0,5.0,1.0,5.0,5.0,5.0,5.0,3.0,4.0,3.0,1.0,5.0,1.0,4.0,5.0,5.0,1.0,5.0,1.0,3.0,2.0,1.0,5.0,1.0,3.0,1.0,5.0,2.0,5.0,5.0,3.0,3.0,5.0,1.0,4.0,2.0,2.0,5.0,3.0,5.0,1.0,1.0,5.0,3.0,3.0,1.0,5.0,1.0,5.0,3.0,5.0,5.0,2.0,5.0,1.0,3.0,3.0,5.0,3.0,2.0,3.0,4.0,1.0,5.0,4.0,5.0,5.0,2.0,5.0,5.0,3.0,5.0,3.0,5.0,5.0,5.0,5.0,5.0,1.0,5.0,3.0,3.0,3.0,2.0,4.0,1.0,5.0,1.0,1.0,4.0,5.0,1.0,5.0,5.0,5.0,2.0,1.0,4.0,3.0,1.0,4.0,1.0,1.0,2.0,3.0,1.0,5.0,5.0,3.0,2.0,5.0,1.0,3.0,3.0,5.0,2.0,3.0,1.0,5.0,5.0,1.0,5.0,5.0,5.0,4.0,1.0,5.0,5.0,5.0,3.0,4.0,5.0,4.0,4.0,5.0,2.0,1.0,5.0,5.0,5.0,5.0,1.0,3.0,4.0,5.0,1.0,5.0,2.0,5.0,1.0,3.0,5.0,5.0,5.0,4.0,2.0,5.0,4.0,2.0,3.0,1.0,5.0,2.0,5.0,5.0,1.0,3.0,4.0,5.0,5.0,1.0,1.0
NUP1529003,Uppsala,Dator 01,PF490001017,NUP1529003,12004.0,,2.0,,,2.0,Completed,42104.43033564815,1149.0,11988.0,LOCAL,,0.0,,102.0,47.0,123.0,50.0,157.0,73.0,96.0,26.0,107.0,60.0,19.0,55.0,12.0,42.0,29.0,66.0,14.0,46.0,12.0,42.0,16.0,35.0,22.0,52.0,23.0,58.0,26.0,52.0,24.0,69.0,20.0,49.0,8.0,28.0,24.0,53.0,26.0,62.0,23.0,67.0,31.0,80.0,23.0,66.0,30.0,65.0,14.0,31.0,13.0,30.0,21.0,39.0,9.0,28.0,23.0,51.0,16.0,27.0,13.0,48.0,22.0,71.0,20.0,59.0,9.0,40.0,27.0,75.0,16.0,60.0,,,,,,,,,,,,,,,,,,,,,,,,,,,,,,,,,,,,,,,,,,,,,,,,,,,,,,,,,,,,,,,,,,,,,,,,,,,,,,,,,,,,,,,,,,,,,,,,,,,,,,,,,,,,,,,,,,,,,,,,,,,,,,,,,,,,,,,,,,,,,,,,,,,,,,,,,,,,,,,,,,,,,,,,,,,,,,,,,,,,,,,,,,,,,,,,,,,,,,,,,,,,,,,,,,,,,,,,,,,,,,,,,,,,,,,,,,,,,,,,,,,,3.0,3.0,4.0,3.0,4.0,2.0,2.0,2.0,2.0,2.0,3.0,4.0,4.0,4.0,5.0,2.0,2.0,5.0,4.0,3.0,2.0,5.0,3.0,1.0,5.0,2.0,1.0,,5.0,5.0,3.0,2.0,2.0,2.0,1.0,1.0,4.0,5.0,4.0,5.0,2.0,3.0,1.0,5.0,3.0,4.0,5.0,5.0,4.0,4.0,5.0,3.0,5.0,5.0,4.0,4.0,5.0,5.0,5.0,2.0,5.0,4.0,5.0,4.0,2.0,5.0,2.0,5.0,1.0,2.0,3.0,4.0,5.0,4.0,5.0,2.0,1.0,3.0,2.0,2.0,2.0,5.0,3.0,3.0,4.0,3.0,2.0,1.0,5.0,5.0,3.0,2.0,5.0,3.0,4.0,3.0,5.0,2.0,1.0,5.0,4.0,2.0,2.0,4.0,1.0,4.0,5.0,3.0,3.0,5.0,4.0,3.0,5.0,5.0,2.0,3.0,5.0,2.0,5.0,2.0,3.0,5.0,2.0,5.0,4.0,2.0,3.0,5.0,4.0,3.0,5.0,4.0,5.0,2.0,4.0,2.0,1.0,3.0,2.0,3.0,2.0,5.0,2.0,3.0,3.0,5.0,1.0,5.0,3.0,3.0,4.0,5.0,5.0,3.0,2.0,1.0,5.0,5.0,4.0,4.0,2.0,2.0,2.0,4.0,4.0,4.0,5.0,2.0,5.0,5.0,4.0,5.0,3.0,2.0,4.0,4.0,5.0,2.0,3.0,2.0,5.0,4.0,1.0,3.0,4.0,3.0,2.0,1.0,2.0,1.0,5.0,4.0,5.0,4.0,3.0,3.0,5.0,3.0,5.0,5.0,5.0,4.0,5.0,5.0,2.0,3.0,2.0,1.0,3.0,2.0,3.0,3.0,1.0,5.0,5.0,5.0,5.0,1.0,5.0,5.0,4.0,2.0,5.0,4.0,5.0,2.0,5.0,4.0,4.0,3.0,1.0,1.0,2.0,3.0,4.0,2.0,5.0,5.0,3.0,3.0,5.0,1.0,1.0
NUP1524901,Uppsala,Dator 01,PF490001020,NUP1524901,12004.0,,1.0,,,2.0,Completed,42123.44432870371,2748.0,11988.0,LOCAL,,0.0,,115.0,57.0,98.0,39.0,87.0,41.0,124.0,50.0,84.0,56.0,20.0,58.0,15.0,52.0,20.0,53.0,19.0,59.0,17.0,52.0,24.0,59.0,17.0,37.0,11.0,33.0,23.0,48.0,11.0,37.0,18.0,46.0,18.0,47.0,19.0,46.0,19.0,53.0,12.0,43.0,11.0,36.0,11.0,42.0,15.0,41.0,17.0,42.0,19.0,47.0,26.0,59.0,18.0,49.0,22.0,54.0,22.0,50.0,16.0,59.0,9.0,44.0,19.0,64.0,14.0,54.0,12.0,44.0,14.0,60.0,,,,,,,,,,,,,,,,,,,,,,,,,,,,,,,,,,,,,,,,,,,,,,,,,,,,,,,,,,,,,,,,,,,,,,,,,,,,,,,,,,,,,,,,,,,,,,,,,,,,,,,,,,,,,,,,,,,,,,,,,,,,,,,,,,,,,,,,,,,,,,,,,,,,,,,,,,,,,,,,,,,,,,,,,,,,,,,,,,,,,,,,,,,,,,,,,,,,,,,,,,,,,,,,,,,,,,,,,,,,,,,,,,,,,,,,,,,,,,,,,,,,2.0,2.0,2.0,5.0,3.0,2.0,3.0,1.0,1.0,4.0,2.0,1.0,2.0,1.0,4.0,2.0,4.0,2.0,4.0,2.0,2.0,2.0,4.0,2.0,3.0,2.0,1.0,1.0,3.0,3.0,4.0,2.0,4.0,4.0,4.0,4.0,2.0,2.0,2.0,3.0,4.0,4.0,2.0,4.0,3.0,3.0,3.0,3.0,2.0,4.0,2.0,4.0,2.0,2.0,3.0,2.0,2.0,2.0,2.0,3.0,3.0,4.0,4.0,2.0,4.0,1.0,2.0,4.0,2.0,3.0,3.0,3.0,4.0,1.0,4.0,2.0,3.0,4.0,3.0,4.0,3.0,3.0,1.0,2.0,4.0,4.0,4.0,1.0,3.0,2.0,3.0,2.0,1.0,3.0,2.0,4.0,4.0,4.0,2.0,2.0,4.0,2.0,2.0,4.0,1.0,4.0,1.0,4.0,3.0,2.0,4.0,3.0,4.0,4.0,3.0,4.0,2.0,4.0,1.0,2.0,3.0,3.0,3.0,2.0,2.0,2.0,3.0,2.0,4.0,2.0,4.0,2.0,4.0,2.0,4.0,2.0,2.0,2.0,2.0,4.0,4.0,2.0,2.0,2.0,3.0,2.0,4.0,2.0,3.0,2.0,2.0,2.0,2.0,4.0,2.0,4.0,4.0,2.0,2.0,2.0,3.0,4.0,2.0,4.0,3.0,3.0,2.0,2.0,4.0,2.0,1.0,1.0,2.0,4.0,2.0,4.0,2.0,4.0,4.0,4.0,3.0,4.0,2.0,2.0,2.0,4.0,2.0,2.0,2.0,5.0,3.0,2.0,4.0,4.0,4.0,4.0,2.0,2.0,2.0,2.0,2.0,4.0,4.0,4.0,2.0,4.0,2.0,2.0,4.0,2.0,2.0,4.0,2.0,3.0,4.0,2.0,3.0,2.0,2.0,4.0,2.0,2.0,2.0,4.0,4.0,4.0,2.0,2.0,2.0,1.0,4.0,2.0,4.0,2.0,2.0,2.0,4.0,2.0,4.0,4.0,5.0,1.0,1.0
NUP1524902,Uppsala,Dator 01,PF490001021,NUP1524902,12003.0,,1.0,,,2.0,Completed,42142.45434027778,1847.0,11988.0,LOCAL,,0.0,,106.0,53.0,93.0,36.0,91.0,43.0,105.0,39.0,85.0,56.0,20.0,58.0,16.0,53.0,16.0,44.0,15.0,50.0,18.0,54.0,21.0,51.0,13.0,26.0,14.0,40.0,18.0,36.0,15.0,46.0,17.0,43.0,16.0,43.0,17.0,41.0,16.0,47.0,15.0,49.0,11.0,36.0,16.0,51.0,16.0,42.0,15.0,37.0,17.0,43.0,16.0,31.0,17.0,47.0,20.0,49.0,20.0,45.0,16.0,59.0,8.0,42.0,17.0,60.0,14.0,54.0,16.0,54.0,14.0,60.0,,,,,,,,,,,,,,,,,,,,,,,,,,,,,,,,,,,,,,,,,,,,,,,,,,,,,,,,,,,,,,,,,,,,,,,,,,,,,,,,,,,,,,,,,,,,,,,,,,,,,,,,,,,,,,,,,,,,,,,,,,,,,,,,,,,,,,,,,,,,,,,,,,,,,,,,,,,,,,,,,,,,,,,,,,,,,,,,,,,,,,,,,,,,,,,,,,,,,,,,,,,,,,,,,,,,,,,,,,,,,,,,,,,,,,,,,,,,,,,,,,,,3.0,3.0,4.0,3.0,3.0,1.0,2.0,3.0,3.0,4.0,3.0,3.0,3.0,4.0,4.0,3.0,4.0,3.0,4.0,3.0,3.0,3.0,4.0,3.0,4.0,2.0,3.0,3.0,3.0,4.0,2.0,3.0,3.0,3.0,4.0,3.0,2.0,4.0,2.0,2.0,3.0,2.0,3.0,4.0,4.0,3.0,3.0,3.0,3.0,3.0,2.0,3.0,2.0,3.0,3.0,3.0,4.0,3.0,2.0,3.0,3.0,3.0,4.0,3.0,3.0,2.0,3.0,4.0,3.0,2.0,3.0,2.0,3.0,2.0,4.0,2.0,4.0,3.0,3.0,3.0,3.0,3.0,2.0,2.0,2.0,3.0,3.0,2.0,3.0,3.0,2.0,2.0,3.0,3.0,4.0,4.0,2.0,2.0,3.0,4.0,2.0,3.0,3.0,3.0,3.0,4.0,2.0,5.0,3.0,3.0,5.0,2.0,2.0,3.0,3.0,3.0,3.0,3.0,2.0,3.0,2.0,3.0,3.0,3.0,2.0,1.0,3.0,2.0,4.0,3.0,4.0,2.0,3.0,3.0,4.0,3.0,3.0,4.0,3.0,3.0,4.0,3.0,2.0,2.0,4.0,3.0,3.0,3.0,3.0,2.0,4.0,3.0,2.0,2.0,3.0,4.0,4.0,5.0,3.0,3.0,4.0,3.0,2.0,3.0,3.0,3.0,2.0,2.0,3.0,3.0,2.0,3.0,2.0,3.0,3.0,3.0,2.0,4.0,4.0,2.0,3.0,4.0,3.0,3.0,3.0,3.0,2.0,2.0,3.0,4.0,3.0,3.0,3.0,2.0,3.0,4.0,2.0,3.0,4.0,2.0,4.0,2.0,3.0,4.0,3.0,3.0,3.0,1.0,4.0,3.0,3.0,2.0,2.0,3.0,3.0,2.0,2.0,2.0,4.0,4.0,3.0,3.0,2.0,3.0,3.0,2.0,3.0,4.0,2.0,3.0,3.0,3.0,3.0,2.0,3.0,4.0,3.0,2.0,3.0,4.0,4.0,1.0,1.0
NUP1529500,Uppsala,Dator 01,PF490001022,NUP1529500,335.0,,1.0,,,2.0,Completed,42149.55621527778,1436.0,320.0,LOCAL,,0.0,,122.0,60.0,60.0,20.0,97.0,46.0,86.0,27.0,113.0,71.0,27.0,72.0,16.0,53.0,14.0,39.0,21.0,63.0,19.0,55.0,25.0,62.0,18.0,40.0,11.0,33.0,6.0,20.0,8.0,30.0,5.0,21.0,12.0,35.0,12.0,30.0,24.0,62.0,15.0,49.0,14.0,43.0,23.0,65.0,9.0,29.0,8.0,21.0,14.0,37.0,15.0,29.0,15.0,42.0,15.0,39.0,19.0,42.0,20.0,67.0,20.0,69.0,19.0,64.0,13.0,51.0,20.0,64.0,21.0,76.0,,,,,,,,,,,,,,,,,,,,,,,,,,,,,,,,,,,,,,,,,,,,,,,,,,,,,,,,,,,,,,,,,,,,,,,,,,,,,,,,,,,,,,,,,,,,,,,,,,,,,,,,,,,,,,,,,,,,,,,,,,,,,,,,,,,,,,,,,,,,,,,,,,,,,,,,,,,,,,,,,,,,,,,,,,,,,,,,,,,,,,,,,,,,,,,,,,,,,,,,,,,,,,,,,,,,,,,,,,,,,,,,,,,,,,,,,,,,,,,,,,,,1.0,1.0,5.0,4.0,3.0,4.0,2.0,2.0,2.0,4.0,2.0,4.0,3.0,3.0,2.0,3.0,3.0,4.0,4.0,4.0,2.0,4.0,4.0,4.0,1.0,2.0,5.0,3.0,5.0,5.0,1.0,4.0,2.0,1.0,1.0,2.0,3.0,5.0,5.0,2.0,4.0,4.0,2.0,4.0,4.0,4.0,2.0,5.0,5.0,3.0,4.0,3.0,2.0,2.0,5.0,2.0,2.0,5.0,3.0,3.0,2.0,2.0,4.0,4.0,4.0,3.0,3.0,4.0,1.0,4.0,2.0,3.0,4.0,3.0,2.0,2.0,2.0,3.0,4.0,5.0,2.0,5.0,3.0,2.0,2.0,4.0,3.0,1.0,3.0,3.0,4.0,3.0,2.0,2.0,4.0,3.0,5.0,3.0,3.0,4.0,2.0,3.0,3.0,3.0,5.0,3.0,2.0,5.0,2.0,2.0,4.0,1.0,3.0,3.0,5.0,2.0,2.0,4.0,3.0,2.0,2.0,3.0,4.0,4.0,4.0,3.0,2.0,3.0,5.0,4.0,2.0,2.0,2.0,3.0,2.0,4.0,3.0,3.0,1.0,2.0,3.0,4.0,3.0,2.0,2.0,4.0,4.0,2.0,5.0,3.0,5.0,4.0,1.0,3.0,4.0,3.0,5.0,5.0,3.0,3.0,3.0,3.0,3.0,3.0,2.0,3.0,4.0,2.0,4.0,2.0,2.0,5.0,1.0,1.0,4.0,2.0,2.0,3.0,1.0,2.0,5.0,1.0,1.0,2.0,3.0,4.0,3.0,1.0,2.0,5.0,5.0,3.0,1.0,2.0,2.0,3.0,2.0,2.0,2.0,1.0,3.0,4.0,3.0,3.0,4.0,3.0,3.0,1.0,4.0,3.0,4.0,4.0,2.0,2.0,3.0,4.0,5.0,1.0,3.0,3.0,3.0,3.0,2.0,2.0,1.0,1.0,2.0,1.0,3.0,1.0,2.0,1.0,2.0,2.0,2.0,2.0,2.0,2.0,3.0,3.0,5.0,1.0,1.0
NUP1425705,Uppsala,Dator 01,PF490001023,NUP1425705,449.0,,1.0,,,2.0,Completed,42151.57837962963,3965.0,434.0,LOCAL,,0.0,,115.0,57.0,129.0,54.0,91.0,43.0,140.0,59.0,53.0,40.0,15.0,48.0,16.0,53.0,19.0,51.0,14.0,48.0,26.0,67.0,25.0,62.0,29.0,70.0,18.0,49.0,28.0,60.0,14.0,44.0,13.0,35.0,27.0,66.0,23.0,56.0,19.0,53.0,10.0,39.0,5.0,21.0,15.0,49.0,19.0,48.0,28.0,67.0,22.0,53.0,30.0,70.0,17.0,47.0,16.0,41.0,27.0,63.0,6.0,39.0,8.0,42.0,9.0,43.0,11.0,47.0,9.0,36.0,10.0,50.0,,,,,,,,,,,,,,,,,,,,,,,,,,,,,,,,,,,,,,,,,,,,,,,,,,,,,,,,,,,,,,,,,,,,,,,,,,,,,,,,,,,,,,,,,,,,,,,,,,,,,,,,,,,,,,,,,,,,,,,,,,,,,,,,,,,,,,,,,,,,,,,,,,,,,,,,,,,,,,,,,,,,,,,,,,,,,,,,,,,,,,,,,,,,,,,,,,,,,,,,,,,,,,,,,,,,,,,,,,,,,,,,,,,,,,,,,,,,,,,,,,,,3.0,4.0,4.0,2.0,5.0,1.0,2.0,2.0,3.0,3.0,3.0,3.0,2.0,2.0,5.0,2.0,5.0,2.0,5.0,4.0,5.0,2.0,4.0,4.0,4.0,2.0,4.0,2.0,4.0,1.0,1.0,3.0,4.0,5.0,2.0,4.0,3.0,4.0,3.0,3.0,2.0,3.0,4.0,5.0,1.0,4.0,4.0,4.0,5.0,3.0,3.0,3.0,3.0,3.0,4.0,4.0,5.0,4.0,2.0,5.0,4.0,4.0,3.0,2.0,5.0,1.0,3.0,4.0,2.0,2.0,4.0,2.0,5.0,1.0,5.0,1.0,5.0,4.0,4.0,4.0,3.0,3.0,5.0,4.0,4.0,4.0,2.0,1.0,4.0,3.0,1.0,1.0,3.0,5.0,1.0,4.0,2.0,2.0,1.0,4.0,2.0,5.0,2.0,5.0,1.0,2.0,1.0,3.0,3.0,4.0,4.0,1.0,2.0,4.0,4.0,5.0,1.0,4.0,2.0,4.0,4.0,3.0,1.0,2.0,4.0,1.0,3.0,3.0,5.0,2.0,1.0,2.0,4.0,1.0,4.0,2.0,4.0,3.0,3.0,4.0,4.0,3.0,5.0,4.0,5.0,2.0,2.0,2.0,5.0,2.0,2.0,4.0,3.0,5.0,1.0,4.0,4.0,5.0,1.0,3.0,2.0,4.0,4.0,5.0,4.0,5.0,1.0,1.0,4.0,3.0,1.0,5.0,1.0,3.0,5.0,4.0,3.0,4.0,5.0,5.0,5.0,4.0,2.0,5.0,5.0,4.0,1.0,1.0,2.0,5.0,3.0,2.0,5.0,4.0,5.0,3.0,1.0,3.0,3.0,5.0,2.0,1.0,5.0,3.0,5.0,3.0,2.0,2.0,5.0,4.0,2.0,4.0,3.0,4.0,4.0,3.0,3.0,3.0,3.0,2.0,2.0,3.0,3.0,5.0,3.0,4.0,2.0,4.0,2.0,1.0,5.0,1.0,3.0,1.0,2.0,4.0,4.0,2.0,4.0,5.0,5.0,1.0,1.0
NUP1529601,Uppsala,Dator 01,PF490001024,NUP1529601,254.0,,1.0,,,2.0,Completed,42160.56773148148,3007.0,240.0,LOCAL,,0.0,,107.0,53.0,72.0,25.0,69.9,32.0,110.0,41.0,48.4,38.0,32.0,80.0,11.4,47.0,13.0,37.0,7.0,33.0,23.0,62.0,21.0,51.0,15.0,32.0,13.0,37.0,16.0,32.0,12.0,39.0,9.0,27.0,7.0,24.0,12.0,30.0,4.0,25.0,16.0,50.0,5.0,21.0,14.9,49.0,18.0,46.0,11.0,28.0,21.0,51.0,21.0,45.0,21.0,57.0,15.0,39.0,20.6,47.0,1.0,29.0,4.0,33.0,16.0,58.0,8.0,40.0,11.4,44.0,8.0,45.0,,,,,,,,,,,,,,,,,,,,,,,,,,,,,,,,,,,,,,,,,,,,,,,,,,,,,,,,,,,,,,,,,,,,,,,,,,,,,,,,,,,,,,,,,,,,,,,,,,,,,,,,,,,,,,,,,,,,,,,,,,,,,,,,,,,,,,,,,,,,,,,,,,,,,,,,,,,,,,,,,,,,,,,,,,,,,,,,,,,,,,,,,,,,,,,,,,,,,,,,,,,,,,,,,,,,,,,,,,,,,,,,,,,,,,,,,,,,,,,,,,,,5.0,5.0,5.0,1.0,5.0,1.0,5.0,2.0,2.0,5.0,5.0,5.0,1.0,1.0,5.0,1.0,5.0,4.0,5.0,5.0,4.0,1.0,4.0,5.0,1.0,2.0,1.0,1.0,,5.0,1.0,5.0,1.0,1.0,5.0,5.0,1.0,2.0,1.0,2.0,1.0,5.0,5.0,5.0,4.0,5.0,4.0,2.0,5.0,5.0,5.0,5.0,1.0,1.0,5.0,2.0,5.0,5.0,2.0,4.0,5.0,3.0,5.0,5.0,4.0,1.0,5.0,5.0,5.0,1.0,4.0,3.0,2.0,5.0,1.0,4.0,5.0,4.0,2.0,4.0,5.0,5.0,1.0,2.0,4.0,1.0,1.0,5.0,4.0,5.0,2.0,4.0,1.0,2.0,5.0,5.0,1.0,1.0,1.0,5.0,4.0,5.0,1.0,4.0,4.0,2.0,2.0,5.0,1.0,2.0,5.0,5.0,2.0,4.0,5.0,5.0,1.0,5.0,4.0,2.0,5.0,2.0,5.0,4.0,4.0,4.0,2.0,,1.0,5.0,2.0,4.0,4.0,2.0,4.0,1.0,5.0,5.0,5.0,2.0,,2.0,5.0,4.0,4.0,5.0,4.0,5.0,5.0,5.0,1.0,5.0,1.0,2.0,5.0,5.0,1.0,4.0,1.0,4.0,5.0,5.0,5.0,5.0,4.0,5.0,1.0,1.0,1.0,4.0,1.0,5.0,1.0,4.0,4.0,5.0,2.0,5.0,2.0,2.0,5.0,1.0,1.0,1.0,3.0,1.0,4.0,1.0,1.0,5.0,5.0,5.0,2.0,3.0,5.0,2.0,1.0,5.0,4.0,1.0,2.0,5.0,5.0,2.0,4.0,5.0,2.0,1.0,3.0,2.0,1.0,1.0,1.0,5.0,4.0,2.0,1.0,4.0,5.0,4.0,4.0,2.0,5.0,2.0,1.0,2.0,2.0,5.0,2.0,1.0,5.0,,2.0,1.0,2.0,5.0,2.0,4.0,5.0,2.0,4.0,2.0,1.0
NUP1629049,Uppsala,Dator 01,PF490001038,NUP1629049,11989.0,,2.0,,,2.0,Completed,42569.54673611111,1815.0,11988.0,LOCAL,,0.0,,116.0,53.0,88.3,32.0,112.0,52.0,158.0,65.0,91.0,54.0,23.0,62.0,12.0,42.0,30.0,68.0,16.0,50.0,13.0,44.0,22.0,52.0,16.0,36.0,15.0,40.0,18.3,34.0,10.0,35.0,6.0,20.0,23.0,57.0,27.0,60.0,11.0,35.0,18.0,58.0,15.0,44.0,17.0,56.0,24.0,54.0,28.0,65.0,29.0,65.0,31.0,69.0,15.0,41.0,29.0,65.0,26.0,55.0,11.0,44.0,11.0,48.0,21.0,61.0,14.0,50.0,13.0,44.0,21.0,71.0,,,,,,,,,,,,,,,,,,,,,,,,,,,,,,,,,,,,,,,,,,,,,,,,,,,,,,,,,,,,,,,,,,,,,,,,,,,,,,,,,,,,,,,,,,,,,,,,,,,,,,,,,,,,,,,,,,,,,,,,,,,,,,,,,,,,,,,,,,,,,,,,,,,,,,,,,,,,,,,,,,,,,,,,,,,,,,,,,,,,,,,,,,,,,,,,,,,,,,,,,,,,,,,,,,,,,,,,,,,,,,,,,,,,,,,,,,,,,,,,,,,,3.0,5.0,4.0,1.0,3.0,2.0,5.0,5.0,5.0,4.0,4.0,5.0,5.0,1.0,3.0,2.0,4.0,4.0,4.0,5.0,5.0,5.0,1.0,1.0,3.0,3.0,1.0,4.0,5.0,3.0,1.0,3.0,2.0,4.0,2.0,3.0,4.0,5.0,1.0,4.0,4.0,1.0,1.0,5.0,1.0,3.0,3.0,3.0,5.0,2.0,5.0,5.0,2.0,4.0,4.0,5.0,3.0,5.0,5.0,5.0,3.0,5.0,3.0,3.0,3.0,3.0,4.0,5.0,5.0,1.0,2.0,3.0,5.0,1.0,1.0,4.0,3.0,5.0,4.0,1.0,5.0,4.0,1.0,1.0,2.0,5.0,1.0,1.0,5.0,3.0,3.0,3.0,1.0,4.0,5.0,2.0,5.0,1.0,1.0,4.0,2.0,3.0,1.0,5.0,5.0,4.0,4.0,5.0,5.0,3.0,4.0,5.0,5.0,5.0,5.0,1.0,5.0,4.0,3.0,3.0,5.0,5.0,5.0,1.0,5.0,1.0,5.0,3.0,5.0,4.0,4.0,3.0,5.0,1.0,4.0,4.0,4.0,5.0,5.0,4.0,3.0,5.0,5.0,3.0,2.0,5.0,3.0,4.0,5.0,3.0,5.0,5.0,2.0,5.0,3.0,5.0,1.0,4.0,1.0,3.0,4.0,5.0,1.0,5.0,,3.0,4.0,5.0,2.0,2.0,1.0,5.0,4.0,5.0,5.0,2.0,5.0,5.0,5.0,4.0,5.0,5.0,4.0,5.0,2.0,4.0,2.0,1.0,1.0,4.0,5.0,1.0,4.0,4.0,4.0,1.0,3.0,2.0,5.0,2.0,3.0,2.0,4.0,5.0,4.0,2.0,5.0,2.0,5.0,5.0,2.0,4.0,2.0,5.0,3.0,1.0,1.0,4.0,4.0,5.0,4.0,1.0,4.0,5.0,5.0,3.0,2.0,3.0,3.0,1.0,3.0,2.0,3.0,1.0,1.0,4.0,5.0,3.0,5.0,5.0,4.0,1.0,1.0
MUP1639053,Uppsala,Dator 01,PF490001039,MUP1639053,11988.0,,1.0,,,2.0,Completed,42612.57040509259,2832.0,11988.0,LOCAL,,0.0,,138.0,68.0,78.0,28.0,82.0,38.0,109.0,41.0,133.0,80.0,30.0,78.0,26.0,69.0,26.0,67.0,13.0,46.0,18.0,54.0,25.0,62.0,16.0,35.0,10.0,30.0,14.0,27.0,9.0,33.0,4.0,21.0,25.0,62.0,12.0,30.0,13.0,41.0,10.0,39.0,15.0,46.0,22.0,63.0,10.0,31.0,9.0,23.0,20.0,49.0,20.0,43.0,20.0,54.0,17.0,43.0,23.0,52.0,24.0,75.0,15.0,58.0,30.0,80.0,28.0,80.0,13.0,46.0,23.0,80.0,,,,,,,,,,,,,,,,,,,,,,,,,,,,,,,,,,,,,,,,,,,,,,,,,,,,,,,,,,,,,,,,,,,,,,,,,,,,,,,,,,,,,,,,,,,,,,,,,,,,,,,,,,,,,,,,,,,,,,,,,,,,,,,,,,,,,,,,,,,,,,,,,,,,,,,,,,,,,,,,,,,,,,,,,,,,,,,,,,,,,,,,,,,,,,,,,,,,,,,,,,,,,,,,,,,,,,,,,,,,,,,,,,,,,,,,,,,,,,,,,,,,1.0,2.0,5.0,5.0,4.0,2.0,5.0,1.0,4.0,4.0,1.0,3.0,4.0,3.0,4.0,5.0,2.0,4.0,4.0,4.0,4.0,3.0,4.0,3.0,1.0,4.0,4.0,2.0,4.0,3.0,2.0,5.0,1.0,3.0,1.0,4.0,1.0,5.0,3.0,3.0,5.0,4.0,3.0,5.0,4.0,2.0,4.0,4.0,4.0,2.0,3.0,1.0,2.0,4.0,5.0,2.0,4.0,4.0,3.0,5.0,2.0,4.0,5.0,5.0,4.0,2.0,3.0,1.0,1.0,5.0,1.0,3.0,5.0,2.0,4.0,5.0,4.0,3.0,5.0,4.0,4.0,4.0,3.0,3.0,1.0,5.0,5.0,1.0,5.0,3.0,3.0,4.0,1.0,5.0,5.0,4.0,5.0,5.0,4.0,4.0,5.0,5.0,2.0,4.0,4.0,1.0,4.0,4.0,1.0,2.0,4.0,1.0,5.0,5.0,5.0,3.0,2.0,5.0,1.0,5.0,1.0,4.0,5.0,5.0,3.0,3.0,3.0,2.0,5.0,5.0,5.0,4.0,4.0,4.0,2.0,5.0,5.0,4.0,2.0,5.0,4.0,4.0,2.0,1.0,3.0,5.0,5.0,3.0,5.0,2.0,5.0,3.0,2.0,2.0,4.0,4.0,2.0,5.0,1.0,4.0,4.0,5.0,1.0,5.0,3.0,1.0,4.0,2.0,3.0,2.0,1.0,4.0,1.0,1.0,4.0,3.0,3.0,4.0,3.0,4.0,3.0,2.0,1.0,1.0,3.0,5.0,2.0,2.0,2.0,5.0,5.0,2.0,5.0,4.0,3.0,5.0,1.0,4.0,4.0,5.0,2.0,2.0,4.0,1.0,5.0,2.0,4.0,1.0,3.0,4.0,5.0,2.0,2.0,3.0,2.0,5.0,2.0,3.0,2.0,4.0,4.0,4.0,4.0,1.0,2.0,2.0,3.0,4.0,1.0,1.0,1.0,3.0,3.0,3.0,2.0,3.0,3.0,3.0,3.0,5.0,4.0,1.0,1.0
NUP1524801,Uppsala,Dator 01,PF490001025,NUP1524801,281.0,,2.0,,,2.0,Completed,42164.42369212963,1410.0,267.0,LOCAL,,0.0,,91.0,41.0,74.0,23.0,80.0,36.0,110.0,35.0,137.0,73.0,16.0,49.0,14.0,45.0,22.0,51.0,11.0,39.0,10.0,38.0,18.0,40.0,13.0,29.0,13.0,35.0,14.0,22.0,12.0,40.0,10.0,28.0,12.0,36.0,12.0,25.0,9.0,32.0,10.0,43.0,18.0,52.0,16.0,54.0,15.0,37.0,6.0,22.0,20.0,45.0,22.0,42.0,20.0,51.0,22.0,49.0,20.0,39.0,26.0,69.0,21.0,69.0,24.0,66.0,24.0,70.0,17.0,53.0,25.0,80.0,,,,,,,,,,,,,,,,,,,,,,,,,,,,,,,,,,,,,,,,,,,,,,,,,,,,,,,,,,,,,,,,,,,,,,,,,,,,,,,,,,,,,,,,,,,,,,,,,,,,,,,,,,,,,,,,,,,,,,,,,,,,,,,,,,,,,,,,,,,,,,,,,,,,,,,,,,,,,,,,,,,,,,,,,,,,,,,,,,,,,,,,,,,,,,,,,,,,,,,,,,,,,,,,,,,,,,,,,,,,,,,,,,,,,,,,,,,,,,,,,,,,1.0,3.0,3.0,4.0,3.0,4.0,5.0,2.0,3.0,2.0,2.0,2.0,3.0,2.0,4.0,5.0,2.0,4.0,4.0,3.0,3.0,3.0,2.0,3.0,2.0,4.0,3.0,3.0,3.0,5.0,5.0,5.0,3.0,2.0,4.0,3.0,1.0,4.0,2.0,2.0,4.0,4.0,2.0,4.0,4.0,1.0,3.0,3.0,3.0,2.0,2.0,3.0,4.0,3.0,4.0,2.0,3.0,3.0,2.0,3.0,2.0,4.0,2.0,5.0,3.0,4.0,3.0,5.0,2.0,3.0,2.0,3.0,4.0,2.0,4.0,4.0,3.0,4.0,3.0,4.0,2.0,4.0,2.0,1.0,3.0,5.0,3.0,2.0,3.0,4.0,4.0,2.0,3.0,2.0,4.0,2.0,4.0,2.0,3.0,3.0,4.0,5.0,2.0,4.0,5.0,2.0,3.0,1.0,1.0,2.0,4.0,2.0,4.0,3.0,4.0,2.0,2.0,3.0,3.0,3.0,2.0,2.0,3.0,4.0,2.0,3.0,4.0,2.0,4.0,4.0,4.0,3.0,4.0,2.0,2.0,4.0,3.0,4.0,3.0,2.0,4.0,3.0,3.0,2.0,3.0,4.0,3.0,4.0,4.0,3.0,4.0,2.0,3.0,1.0,3.0,2.0,1.0,3.0,2.0,4.0,4.0,3.0,2.0,4.0,3.0,2.0,4.0,4.0,3.0,3.0,2.0,4.0,3.0,4.0,4.0,2.0,3.0,3.0,4.0,2.0,2.0,2.0,2.0,2.0,3.0,4.0,3.0,2.0,2.0,5.0,4.0,2.0,3.0,3.0,3.0,4.0,3.0,4.0,2.0,2.0,4.0,2.0,2.0,4.0,4.0,2.0,3.0,1.0,4.0,3.0,4.0,2.0,3.0,2.0,3.0,3.0,2.0,2.0,2.0,4.0,4.0,4.0,4.0,3.0,3.0,2.0,3.0,3.0,3.0,2.0,2.0,1.0,2.0,2.0,2.0,2.0,3.0,3.0,3.0,3.0,4.0,1.0,1.0
NUP1529501,Uppsala,Dator 01,PF490001026,NUP1529501,322.0,,1.0,,,2.0,Completed,42165.509305555555,3407.0,308.0,LOCAL,,0.0,,75.0,38.0,145.0,63.0,84.0,39.0,132.0,54.0,61.0,44.0,14.0,46.0,9.0,42.0,14.0,39.0,10.0,39.0,10.0,40.0,18.0,43.0,27.0,64.0,20.0,53.0,27.0,57.0,20.0,57.0,26.0,62.0,25.0,62.0,18.0,44.0,15.0,45.0,12.0,43.0,15.0,46.0,9.0,38.0,15.0,41.0,17.0,42.0,26.0,61.0,25.0,56.0,20.0,54.0,27.0,64.0,17.0,37.0,7.0,41.0,8.0,42.0,21.0,68.0,8.0,40.0,10.0,39.0,7.0,43.0,,,,,,,,,,,,,,,,,,,,,,,,,,,,,,,,,,,,,,,,,,,,,,,,,,,,,,,,,,,,,,,,,,,,,,,,,,,,,,,,,,,,,,,,,,,,,,,,,,,,,,,,,,,,,,,,,,,,,,,,,,,,,,,,,,,,,,,,,,,,,,,,,,,,,,,,,,,,,,,,,,,,,,,,,,,,,,,,,,,,,,,,,,,,,,,,,,,,,,,,,,,,,,,,,,,,,,,,,,,,,,,,,,,,,,,,,,,,,,,,,,,,5.0,3.0,5.0,2.0,5.0,2.0,3.0,3.0,2.0,2.0,2.0,3.0,3.0,2.0,4.0,1.0,4.0,3.0,4.0,3.0,2.0,2.0,1.0,1.0,5.0,1.0,4.0,3.0,5.0,2.0,1.0,4.0,2.0,3.0,2.0,3.0,2.0,4.0,1.0,5.0,5.0,4.0,4.0,5.0,2.0,4.0,4.0,3.0,4.0,3.0,1.0,5.0,5.0,4.0,3.0,5.0,3.0,3.0,5.0,4.0,4.0,5.0,4.0,5.0,4.0,2.0,3.0,5.0,3.0,1.0,1.0,3.0,3.0,3.0,5.0,1.0,3.0,4.0,4.0,3.0,3.0,1.0,4.0,2.0,4.0,4.0,1.0,1.0,3.0,2.0,1.0,1.0,5.0,5.0,2.0,5.0,3.0,1.0,1.0,1.0,1.0,5.0,4.0,5.0,2.0,2.0,3.0,2.0,1.0,5.0,5.0,1.0,5.0,5.0,2.0,4.0,1.0,1.0,5.0,4.0,3.0,3.0,1.0,1.0,5.0,2.0,2.0,3.0,5.0,2.0,5.0,3.0,3.0,2.0,5.0,2.0,3.0,5.0,3.0,3.0,5.0,2.0,5.0,3.0,5.0,1.0,3.0,4.0,5.0,1.0,3.0,3.0,5.0,3.0,2.0,4.0,1.0,3.0,1.0,3.0,5.0,3.0,3.0,5.0,3.0,4.0,2.0,1.0,4.0,4.0,1.0,2.0,5.0,4.0,1.0,4.0,2.0,4.0,5.0,5.0,5.0,2.0,3.0,3.0,4.0,1.0,2.0,1.0,1.0,4.0,2.0,1.0,5.0,4.0,5.0,3.0,1.0,3.0,3.0,3.0,1.0,2.0,3.0,5.0,2.0,4.0,2.0,1.0,3.0,3.0,3.0,3.0,3.0,1.0,5.0,3.0,3.0,1.0,2.0,2.0,2.0,2.0,1.0,3.0,5.0,1.0,5.0,3.0,1.0,4.0,4.0,2.0,2.0,1.0,4.0,4.0,3.0,3.0,2.0,4.0,5.0,1.0,1.0
NUP1524903,Uppsala,Dator 01,PF490001027,NUP1524903,12002.0,,2.0,,,2.0,Completed,42172.546261574076,4424.0,11988.0,LOCAL,,0.0,,126.0,58.0,115.0,46.0,106.0,49.0,140.0,53.0,107.0,60.0,18.0,53.0,25.0,62.0,25.0,57.0,16.0,50.0,20.0,57.0,22.0,52.0,19.0,44.0,18.0,47.0,24.0,47.0,16.0,49.0,17.0,42.0,21.0,54.0,25.0,56.0,17.0,46.0,12.0,47.0,15.0,44.0,12.0,47.0,25.0,55.0,21.0,48.0,23.0,52.0,26.0,54.0,19.0,49.0,27.0,61.0,24.0,50.0,21.0,61.0,18.0,63.0,15.0,51.0,21.0,64.0,16.0,51.0,16.0,60.0,,,,,,,,,,,,,,,,,,,,,,,,,,,,,,,,,,,,,,,,,,,,,,,,,,,,,,,,,,,,,,,,,,,,,,,,,,,,,,,,,,,,,,,,,,,,,,,,,,,,,,,,,,,,,,,,,,,,,,,,,,,,,,,,,,,,,,,,,,,,,,,,,,,,,,,,,,,,,,,,,,,,,,,,,,,,,,,,,,,,,,,,,,,,,,,,,,,,,,,,,,,,,,,,,,,,,,,,,,,,,,,,,,,,,,,,,,,,,,,,,,,,2.0,4.0,3.0,3.0,3.0,4.0,4.0,2.0,3.0,4.0,3.0,2.0,3.0,1.0,5.0,4.0,4.0,3.0,4.0,4.0,3.0,2.0,4.0,2.0,3.0,2.0,1.0,3.0,4.0,2.0,2.0,2.0,3.0,4.0,4.0,4.0,3.0,5.0,1.0,4.0,3.0,4.0,1.0,5.0,2.0,2.0,4.0,5.0,2.0,3.0,2.0,5.0,2.0,3.0,2.0,4.0,4.0,4.0,3.0,4.0,2.0,4.0,4.0,4.0,4.0,4.0,3.0,1.0,4.0,3.0,4.0,2.0,4.0,3.0,5.0,4.0,4.0,5.0,3.0,3.0,3.0,3.0,4.0,1.0,4.0,5.0,2.0,2.0,5.0,4.0,4.0,2.0,3.0,4.0,3.0,3.0,4.0,4.0,1.0,5.0,3.0,3.0,2.0,5.0,4.0,2.0,4.0,4.0,2.0,4.0,4.0,4.0,4.0,5.0,3.0,3.0,4.0,5.0,2.0,4.0,2.0,4.0,3.0,2.0,4.0,1.0,4.0,2.0,4.0,3.0,4.0,3.0,5.0,2.0,4.0,3.0,3.0,4.0,4.0,4.0,3.0,3.0,3.0,1.0,3.0,4.0,2.0,3.0,4.0,2.0,4.0,4.0,3.0,4.0,2.0,2.0,3.0,4.0,2.0,3.0,2.0,4.0,2.0,4.0,4.0,2.0,3.0,4.0,3.0,4.0,3.0,3.0,3.0,4.0,4.0,3.0,4.0,4.0,4.0,3.0,3.0,5.0,2.0,4.0,4.0,4.0,2.0,4.0,2.0,3.0,3.0,3.0,4.0,4.0,4.0,2.0,2.0,3.0,4.0,4.0,3.0,3.0,4.0,4.0,3.0,3.0,2.0,2.0,4.0,4.0,4.0,4.0,3.0,4.0,3.0,4.0,4.0,3.0,4.0,3.0,3.0,3.0,4.0,4.0,4.0,4.0,3.0,4.0,3.0,2.0,3.0,3.0,4.0,1.0,3.0,4.0,4.0,3.0,4.0,4.0,4.0,1.0,1.0
NUP1524803,Uppsala,Dator 01,PF490001028,NUP151524803,598.0,,2.0,,,2.0,Completed,42178.42208333333,1654.0,584.0,LOCAL,,0.0,,99.0,45.0,57.0,20.0,76.0,34.0,138.0,52.0,107.0,60.0,18.0,53.0,11.0,41.0,22.0,51.0,17.0,52.0,10.0,38.0,21.0,49.0,13.0,29.0,13.0,35.0,12.0,22.0,5.0,22.0,6.0,20.0,8.0,28.0,18.0,39.0,6.0,26.0,9.0,41.0,17.0,49.0,11.0,46.0,15.0,37.0,17.0,38.0,29.0,65.0,23.0,45.0,20.0,51.0,26.0,58.0,23.0,47.0,14.0,49.0,20.0,67.0,15.0,51.0,19.0,60.0,18.0,55.0,21.0,71.0,,,,,,,,,,,,,,,,,,,,,,,,,,,,,,,,,,,,,,,,,,,,,,,,,,,,,,,,,,,,,,,,,,,,,,,,,,,,,,,,,,,,,,,,,,,,,,,,,,,,,,,,,,,,,,,,,,,,,,,,,,,,,,,,,,,,,,,,,,,,,,,,,,,,,,,,,,,,,,,,,,,,,,,,,,,,,,,,,,,,,,,,,,,,,,,,,,,,,,,,,,,,,,,,,,,,,,,,,,,,,,,,,,,,,,,,,,,,,,,,,,,,4.0,3.0,4.0,4.0,4.0,3.0,4.0,1.0,5.0,3.0,4.0,2.0,5.0,3.0,3.0,3.0,4.0,3.0,3.0,3.0,3.0,3.0,3.0,2.0,3.0,3.0,3.0,5.0,4.0,4.0,2.0,3.0,3.0,3.0,4.0,1.0,2.0,3.0,1.0,5.0,2.0,3.0,2.0,3.0,2.0,4.0,4.0,4.0,3.0,1.0,3.0,5.0,5.0,3.0,4.0,3.0,3.0,4.0,3.0,2.0,4.0,4.0,4.0,2.0,2.0,5.0,5.0,3.0,5.0,5.0,4.0,1.0,5.0,1.0,1.0,4.0,3.0,2.0,3.0,5.0,4.0,4.0,4.0,1.0,2.0,4.0,3.0,2.0,4.0,5.0,3.0,2.0,3.0,4.0,4.0,3.0,3.0,4.0,1.0,4.0,3.0,3.0,2.0,4.0,4.0,2.0,3.0,3.0,1.0,2.0,3.0,5.0,5.0,4.0,4.0,3.0,3.0,4.0,3.0,2.0,2.0,3.0,3.0,3.0,3.0,2.0,4.0,5.0,5.0,4.0,4.0,2.0,3.0,1.0,3.0,3.0,3.0,4.0,2.0,5.0,1.0,3.0,1.0,2.0,2.0,5.0,3.0,3.0,4.0,4.0,3.0,3.0,3.0,2.0,4.0,2.0,1.0,1.0,1.0,3.0,3.0,4.0,3.0,3.0,2.0,2.0,4.0,3.0,2.0,3.0,1.0,1.0,5.0,4.0,5.0,3.0,3.0,4.0,5.0,2.0,2.0,2.0,2.0,3.0,3.0,3.0,4.0,1.0,1.0,5.0,3.0,2.0,4.0,4.0,3.0,3.0,3.0,4.0,2.0,1.0,4.0,5.0,4.0,5.0,5.0,3.0,4.0,1.0,4.0,3.0,2.0,4.0,4.0,4.0,3.0,3.0,1.0,1.0,4.0,4.0,4.0,4.0,2.0,4.0,2.0,4.0,3.0,2.0,2.0,1.0,1.0,1.0,3.0,1.0,1.0,1.0,3.0,2.0,4.0,2.0,4.0,1.0,1.0
NUP1549015,Uppsala,Dator 01,PF490001029,NUP1549015,11997.0,,1.0,,,2.0,Completed,42326.59342592592,2705.0,11988.0,LOCAL,,0.0,,108.0,54.0,137.0,58.0,121.0,57.0,111.0,42.0,85.0,56.0,14.0,46.0,8.0,41.0,23.0,60.0,9.0,37.0,28.0,70.0,26.0,64.0,26.0,62.0,25.0,65.0,27.0,57.0,17.0,50.0,17.0,43.0,25.0,62.0,25.0,60.0,24.0,62.0,10.0,39.0,17.0,51.0,20.0,59.0,25.0,59.0,18.0,44.0,14.0,37.0,26.0,59.0,16.0,44.0,16.0,41.0,21.0,47.0,18.0,63.0,13.0,53.0,14.0,54.0,11.0,47.0,16.0,54.0,13.0,57.0,,,,,,,,,,,,,,,,,,,,,,,,,,,,,,,,,,,,,,,,,,,,,,,,,,,,,,,,,,,,,,,,,,,,,,,,,,,,,,,,,,,,,,,,,,,,,,,,,,,,,,,,,,,,,,,,,,,,,,,,,,,,,,,,,,,,,,,,,,,,,,,,,,,,,,,,,,,,,,,,,,,,,,,,,,,,,,,,,,,,,,,,,,,,,,,,,,,,,,,,,,,,,,,,,,,,,,,,,,,,,,,,,,,,,,,,,,,,,,,,,,,,3.0,4.0,3.0,4.0,4.0,2.0,2.0,4.0,1.0,2.0,3.0,4.0,4.0,2.0,4.0,2.0,4.0,5.0,4.0,4.0,3.0,4.0,4.0,4.0,3.0,2.0,1.0,1.0,5.0,4.0,4.0,2.0,4.0,4.0,3.0,2.0,3.0,4.0,2.0,4.0,2.0,4.0,2.0,4.0,1.0,2.0,5.0,2.0,4.0,4.0,5.0,5.0,3.0,2.0,3.0,4.0,4.0,4.0,4.0,5.0,3.0,5.0,2.0,4.0,5.0,4.0,2.0,5.0,4.0,1.0,4.0,1.0,4.0,1.0,5.0,2.0,3.0,2.0,2.0,3.0,3.0,4.0,5.0,2.0,3.0,4.0,2.0,1.0,4.0,2.0,3.0,1.0,4.0,3.0,2.0,4.0,4.0,1.0,5.0,5.0,1.0,4.0,3.0,4.0,1.0,3.0,2.0,3.0,2.0,4.0,4.0,2.0,2.0,4.0,3.0,3.0,4.0,4.0,2.0,5.0,3.0,4.0,2.0,2.0,4.0,1.0,1.0,4.0,4.0,1.0,4.0,3.0,4.0,1.0,4.0,2.0,4.0,5.0,4.0,4.0,3.0,5.0,5.0,3.0,4.0,4.0,2.0,2.0,2.0,1.0,4.0,3.0,2.0,3.0,1.0,3.0,4.0,4.0,3.0,4.0,2.0,4.0,1.0,4.0,4.0,4.0,4.0,2.0,4.0,4.0,2.0,4.0,1.0,3.0,2.0,4.0,4.0,4.0,4.0,4.0,2.0,4.0,1.0,4.0,4.0,3.0,2.0,1.0,3.0,4.0,4.0,2.0,4.0,4.0,5.0,2.0,3.0,4.0,4.0,4.0,1.0,3.0,5.0,2.0,3.0,4.0,2.0,2.0,4.0,4.0,2.0,4.0,4.0,4.0,5.0,2.0,4.0,1.0,4.0,2.0,4.0,4.0,3.0,4.0,3.0,2.0,4.0,4.0,2.0,2.0,3.0,3.0,5.0,2.0,2.0,4.0,4.0,2.0,4.0,4.0,5.0,1.0,1.0
NUP1549022,Uppsala,Dator 01,PF490001030,NUP1549022,11997.0,,2.0,,,2.0,Completed,42334.4312037037,3345.0,11988.0,LOCAL,,0.0,,127.0,59.0,121.0,49.0,118.0,54.0,110.0,35.0,93.0,54.0,25.0,66.0,23.0,59.0,21.0,49.0,17.0,52.0,21.0,59.0,20.0,46.0,21.0,49.0,21.0,53.0,21.0,39.0,16.0,49.0,21.0,51.0,21.0,54.0,24.0,53.0,19.0,50.0,14.0,50.0,16.0,47.0,21.0,63.0,24.0,54.0,19.0,43.0,19.0,43.0,26.0,54.0,14.0,39.0,16.0,35.0,16.0,27.0,17.0,54.0,19.0,65.0,10.0,42.0,17.0,56.0,17.0,53.0,13.0,53.0,,,,,,,,,,,,,,,,,,,,,,,,,,,,,,,,,,,,,,,,,,,,,,,,,,,,,,,,,,,,,,,,,,,,,,,,,,,,,,,,,,,,,,,,,,,,,,,,,,,,,,,,,,,,,,,,,,,,,,,,,,,,,,,,,,,,,,,,,,,,,,,,,,,,,,,,,,,,,,,,,,,,,,,,,,,,,,,,,,,,,,,,,,,,,,,,,,,,,,,,,,,,,,,,,,,,,,,,,,,,,,,,,,,,,,,,,,,,,,,,,,,,4.0,3.0,5.0,2.0,4.0,4.0,3.0,1.0,2.0,3.0,3.0,3.0,2.0,2.0,3.0,3.0,4.0,3.0,4.0,4.0,3.0,4.0,4.0,3.0,3.0,2.0,2.0,3.0,3.0,3.0,4.0,2.0,2.0,4.0,3.0,3.0,3.0,5.0,2.0,5.0,3.0,3.0,2.0,4.0,2.0,3.0,4.0,4.0,5.0,4.0,3.0,3.0,3.0,2.0,3.0,4.0,4.0,4.0,3.0,3.0,3.0,4.0,5.0,4.0,3.0,3.0,3.0,4.0,3.0,3.0,4.0,2.0,4.0,1.0,4.0,4.0,3.0,4.0,3.0,4.0,3.0,3.0,3.0,3.0,4.0,2.0,3.0,2.0,3.0,2.0,2.0,1.0,2.0,4.0,3.0,3.0,4.0,5.0,2.0,4.0,2.0,3.0,3.0,4.0,2.0,2.0,4.0,2.0,2.0,3.0,4.0,2.0,3.0,4.0,2.0,3.0,4.0,3.0,4.0,4.0,2.0,4.0,4.0,2.0,4.0,3.0,2.0,3.0,4.0,3.0,2.0,3.0,4.0,2.0,4.0,3.0,2.0,3.0,3.0,3.0,3.0,4.0,4.0,3.0,4.0,4.0,2.0,3.0,3.0,2.0,3.0,3.0,3.0,2.0,2.0,2.0,4.0,5.0,2.0,4.0,1.0,3.0,2.0,5.0,3.0,3.0,2.0,3.0,4.0,4.0,3.0,5.0,1.0,2.0,2.0,3.0,4.0,3.0,3.0,4.0,2.0,5.0,1.0,4.0,4.0,4.0,2.0,3.0,2.0,2.0,3.0,3.0,4.0,4.0,4.0,3.0,2.0,2.0,4.0,4.0,3.0,4.0,4.0,3.0,2.0,4.0,2.0,1.0,4.0,3.0,3.0,4.0,3.0,3.0,4.0,3.0,2.0,3.0,4.0,3.0,2.0,4.0,4.0,4.0,3.0,2.0,3.0,2.0,3.0,2.0,3.0,2.0,3.0,2.0,3.0,3.0,5.0,3.0,3.0,4.0,5.0,1.0,1.0
NUP1549025,Uppsala,Dator 01,PF490001031,NUP1549025,11996.0,,1.0,,,2.0,Completed,42360.52384259259,3049.0,11988.0,LOCAL,,0.0,,105.0,52.0,92.0,36.0,135.0,64.0,100.0,36.0,136.0,80.0,23.0,64.0,14.0,50.0,25.0,64.0,11.0,41.0,14.0,47.0,18.0,43.0,11.0,21.0,18.0,49.0,26.0,55.0,21.0,59.0,12.0,33.0,4.0,20.0,22.0,53.0,17.0,49.0,16.0,50.0,30.0,80.0,27.0,73.0,23.0,55.0,18.0,44.0,25.0,59.0,21.0,45.0,5.0,22.0,14.0,37.0,17.0,37.0,19.0,65.0,26.0,80.0,29.0,80.0,12.0,49.0,24.0,75.0,26.0,80.0,,,,,,,,,,,,,,,,,,,,,,,,,,,,,,,,,,,,,,,,,,,,,,,,,,,,,,,,,,,,,,,,,,,,,,,,,,,,,,,,,,,,,,,,,,,,,,,,,,,,,,,,,,,,,,,,,,,,,,,,,,,,,,,,,,,,,,,,,,,,,,,,,,,,,,,,,,,,,,,,,,,,,,,,,,,,,,,,,,,,,,,,,,,,,,,,,,,,,,,,,,,,,,,,,,,,,,,,,,,,,,,,,,,,,,,,,,,,,,,,,,,,1.0,1.0,1.0,4.0,2.0,5.0,1.0,4.0,3.0,4.0,2.0,4.0,5.0,3.0,4.0,1.0,1.0,5.0,4.0,4.0,2.0,5.0,2.0,4.0,3.0,3.0,1.0,3.0,5.0,5.0,1.0,1.0,1.0,4.0,3.0,1.0,4.0,5.0,2.0,4.0,5.0,3.0,1.0,4.0,2.0,5.0,5.0,2.0,5.0,4.0,5.0,2.0,5.0,1.0,4.0,3.0,5.0,4.0,5.0,1.0,5.0,4.0,4.0,4.0,2.0,5.0,4.0,5.0,4.0,3.0,1.0,3.0,5.0,4.0,4.0,5.0,2.0,4.0,2.0,4.0,2.0,5.0,4.0,4.0,4.0,5.0,4.0,1.0,5.0,5.0,5.0,3.0,2.0,4.0,5.0,4.0,2.0,4.0,1.0,5.0,5.0,3.0,1.0,4.0,1.0,3.0,5.0,1.0,4.0,4.0,2.0,1.0,4.0,4.0,5.0,2.0,5.0,4.0,4.0,2.0,1.0,4.0,4.0,3.0,2.0,3.0,4.0,4.0,5.0,4.0,4.0,2.0,5.0,1.0,4.0,1.0,1.0,4.0,1.0,2.0,1.0,5.0,5.0,3.0,3.0,5.0,4.0,4.0,4.0,4.0,5.0,4.0,2.0,4.0,4.0,1.0,4.0,5.0,2.0,5.0,5.0,4.0,4.0,4.0,3.0,4.0,5.0,5.0,5.0,5.0,2.0,5.0,5.0,2.0,4.0,1.0,3.0,2.0,3.0,1.0,5.0,5.0,1.0,4.0,3.0,5.0,3.0,2.0,2.0,3.0,5.0,4.0,1.0,3.0,5.0,4.0,5.0,4.0,5.0,4.0,5.0,4.0,4.0,5.0,3.0,2.0,1.0,3.0,2.0,3.0,4.0,4.0,2.0,3.0,4.0,4.0,3.0,1.0,2.0,4.0,4.0,3.0,5.0,4.0,5.0,3.0,4.0,2.0,5.0,4.0,1.0,2.0,3.0,3.0,2.0,1.0,4.0,3.0,3.0,1.0,5.0,1.0,1.0
NUP1549018,Uppsala,Dator 01,PF490001032,NUP1549018,11995.0,,2.0,,,2.0,Completed,42382.5421412037,3100.0,11988.0,LOCAL,,0.0,,94.0,43.0,125.0,52.0,56.0,25.0,164.0,68.0,111.0,62.0,16.0,49.0,15.0,47.0,19.0,44.0,8.0,33.0,9.0,37.0,27.0,66.0,21.0,49.0,18.0,47.0,26.3,55.0,18.0,54.0,22.0,53.0,20.0,52.0,20.0,44.0,7.0,28.0,4.0,32.0,13.0,39.0,4.0,33.0,8.0,24.0,22.0,50.0,31.0,69.0,28.0,60.0,27.0,66.0,26.0,58.0,30.0,66.0,29.0,74.0,11.0,48.0,23.0,65.0,21.0,64.0,11.0,40.0,16.0,60.0,,,,,,,,,,,,,,,,,,,,,,,,,,,,,,,,,,,,,,,,,,,,,,,,,,,,,,,,,,,,,,,,,,,,,,,,,,,,,,,,,,,,,,,,,,,,,,,,,,,,,,,,,,,,,,,,,,,,,,,,,,,,,,,,,,,,,,,,,,,,,,,,,,,,,,,,,,,,,,,,,,,,,,,,,,,,,,,,,,,,,,,,,,,,,,,,,,,,,,,,,,,,,,,,,,,,,,,,,,,,,,,,,,,,,,,,,,,,,,,,,,,,1.0,3.0,1.0,3.0,3.0,2.0,4.0,2.0,5.0,1.0,1.0,1.0,1.0,1.0,4.0,4.0,2.0,5.0,5.0,2.0,4.0,1.0,2.0,1.0,4.0,2.0,4.0,1.0,5.0,5.0,4.0,3.0,4.0,3.0,1.0,2.0,1.0,2.0,1.0,4.0,4.0,4.0,2.0,5.0,1.0,2.0,3.0,4.0,1.0,2.0,2.0,5.0,4.0,4.0,2.0,3.0,1.0,3.0,1.0,3.0,1.0,4.0,3.0,2.0,4.0,1.0,4.0,2.0,5.0,2.0,1.0,1.0,4.0,1.0,5.0,3.0,3.0,4.0,4.0,2.0,4.0,1.0,3.0,1.0,4.0,5.0,4.0,1.0,5.0,2.0,5.0,1.0,2.0,4.0,2.0,4.0,3.0,4.0,1.0,4.0,2.0,5.0,1.0,5.0,,2.0,2.0,2.0,1.0,4.0,4.0,5.0,4.0,4.0,3.0,3.0,1.0,4.0,2.0,4.0,1.0,2.0,4.0,1.0,3.0,1.0,5.0,2.0,5.0,2.0,4.0,3.0,4.0,2.0,4.0,4.0,5.0,5.0,3.0,4.0,3.0,2.0,2.0,1.0,4.0,3.0,4.0,2.0,5.0,2.0,5.0,4.0,2.0,3.0,3.0,3.0,1.0,1.0,1.0,2.0,4.0,5.0,2.0,4.0,2.0,2.0,5.0,3.0,2.0,4.0,1.0,1.0,4.0,4.0,3.0,4.0,2.0,4.0,4.0,4.0,2.0,4.0,4.0,4.0,3.0,4.0,3.0,1.0,1.0,4.0,4.0,1.0,3.0,4.0,5.0,2.0,1.0,4.0,1.0,3.0,3.0,2.0,2.0,2.0,2.0,4.0,2.0,1.0,5.0,5.0,4.0,3.0,2.0,4.0,4.0,2.0,2.0,3.0,2.0,5.0,3.0,4.0,2.0,4.0,5.0,4.0,2.0,5.0,2.0,3.0,4.0,3.0,2.0,1.0,4.0,2.0,2.0,1.0,5.0,3.0,5.0,1.0,1.0
NUP1619029,Uppsala,Dator 01,PF490001033,NUP1619029,11995.0,,1.0,,,2.0,Completed,42388.54754629629,2604.0,11988.0,LOCAL,,0.0,,97.0,48.0,112.0,46.0,113.0,53.0,139.0,58.0,78.0,53.0,21.0,60.0,10.0,44.0,17.0,46.0,13.0,46.0,14.0,47.0,22.0,54.0,21.0,48.0,15.0,42.0,20.0,41.0,14.0,44.0,19.0,48.0,23.0,58.0,21.0,51.0,21.0,56.0,14.0,47.0,15.0,46.0,18.0,55.0,24.0,57.0,22.0,53.0,24.0,57.0,26.0,59.0,21.0,57.0,24.0,58.0,22.0,50.0,14.0,55.0,9.0,44.0,16.0,58.0,14.0,54.0,15.0,52.0,10.0,50.0,,,,,,,,,,,,,,,,,,,,,,,,,,,,,,,,,,,,,,,,,,,,,,,,,,,,,,,,,,,,,,,,,,,,,,,,,,,,,,,,,,,,,,,,,,,,,,,,,,,,,,,,,,,,,,,,,,,,,,,,,,,,,,,,,,,,,,,,,,,,,,,,,,,,,,,,,,,,,,,,,,,,,,,,,,,,,,,,,,,,,,,,,,,,,,,,,,,,,,,,,,,,,,,,,,,,,,,,,,,,,,,,,,,,,,,,,,,,,,,,,,,,4.0,3.0,4.0,3.0,4.0,2.0,3.0,4.0,2.0,3.0,2.0,2.0,3.0,2.0,3.0,3.0,3.0,2.0,4.0,4.0,4.0,2.0,2.0,3.0,4.0,3.0,2.0,3.0,3.0,2.0,2.0,3.0,1.0,4.0,1.0,3.0,3.0,4.0,1.0,3.0,4.0,3.0,3.0,4.0,3.0,2.0,3.0,3.0,4.0,2.0,2.0,3.0,3.0,3.0,4.0,3.0,3.0,2.0,2.0,2.0,2.0,4.0,2.0,2.0,4.0,1.0,1.0,5.0,3.0,3.0,4.0,3.0,4.0,1.0,5.0,2.0,3.0,3.0,2.0,3.0,2.0,3.0,2.0,1.0,3.0,2.0,2.0,1.0,3.0,1.0,3.0,1.0,3.0,4.0,3.0,5.0,4.0,1.0,1.0,3.0,3.0,4.0,2.0,4.0,1.0,3.0,3.0,2.0,2.0,3.0,4.0,3.0,3.0,4.0,2.0,4.0,4.0,4.0,1.0,4.0,3.0,4.0,2.0,2.0,3.0,2.0,2.0,3.0,4.0,2.0,3.0,4.0,3.0,1.0,3.0,3.0,2.0,4.0,4.0,2.0,1.0,4.0,2.0,1.0,4.0,2.0,2.0,3.0,3.0,2.0,3.0,3.0,2.0,3.0,3.0,3.0,3.0,4.0,1.0,2.0,2.0,3.0,3.0,5.0,3.0,3.0,2.0,1.0,3.0,3.0,2.0,3.0,2.0,4.0,1.0,4.0,5.0,4.0,5.0,5.0,3.0,4.0,1.0,4.0,4.0,3.0,2.0,2.0,1.0,5.0,4.0,2.0,4.0,4.0,4.0,2.0,2.0,3.0,1.0,3.0,1.0,3.0,3.0,3.0,3.0,4.0,2.0,1.0,4.0,4.0,2.0,3.0,2.0,4.0,3.0,2.0,3.0,1.0,3.0,2.0,2.0,3.0,1.0,3.0,2.0,2.0,3.0,3.0,1.0,2.0,3.0,5.0,3.0,1.0,2.0,4.0,4.0,2.0,3.0,3.0,5.0,1.0,1.0
NUP1619032,Uppsala,Dator 01,PF490001034,NUP1619032,11995.0,,1.0,,,2.0,Completed,42395.55967592593,1237.0,11988.0,LOCAL,,0.0,,78.0,39.0,96.0,38.0,79.0,37.0,100.0,36.0,114.0,71.0,15.0,48.0,6.0,37.0,14.0,39.0,15.0,50.0,8.0,37.0,20.0,48.0,14.0,29.0,14.0,40.0,20.0,41.0,16.0,48.0,16.0,41.0,16.0,43.0,17.0,41.0,15.0,45.0,10.0,39.0,14.0,43.0,14.0,47.0,9.0,29.0,11.0,28.0,17.0,43.0,15.0,29.0,18.0,49.0,18.0,45.0,21.0,47.0,18.0,63.0,16.0,60.0,28.0,80.0,16.0,59.0,17.0,57.0,19.0,72.0,,,,,,,,,,,,,,,,,,,,,,,,,,,,,,,,,,,,,,,,,,,,,,,,,,,,,,,,,,,,,,,,,,,,,,,,,,,,,,,,,,,,,,,,,,,,,,,,,,,,,,,,,,,,,,,,,,,,,,,,,,,,,,,,,,,,,,,,,,,,,,,,,,,,,,,,,,,,,,,,,,,,,,,,,,,,,,,,,,,,,,,,,,,,,,,,,,,,,,,,,,,,,,,,,,,,,,,,,,,,,,,,,,,,,,,,,,,,,,,,,,,,1.0,3.0,2.0,4.0,3.0,3.0,4.0,4.0,4.0,4.0,1.0,3.0,3.0,3.0,3.0,4.0,4.0,4.0,4.0,4.0,3.0,3.0,2.0,3.0,4.0,3.0,4.0,2.0,4.0,3.0,2.0,2.0,4.0,2.0,4.0,3.0,3.0,3.0,3.0,2.0,4.0,4.0,3.0,3.0,3.0,3.0,3.0,3.0,3.0,3.0,3.0,3.0,4.0,3.0,4.0,3.0,3.0,3.0,3.0,3.0,3.0,3.0,3.0,3.0,3.0,3.0,3.0,5.0,3.0,3.0,1.0,2.0,3.0,3.0,3.0,3.0,3.0,4.0,4.0,3.0,3.0,3.0,1.0,2.0,3.0,3.0,4.0,2.0,4.0,3.0,3.0,3.0,3.0,3.0,3.0,3.0,4.0,2.0,4.0,3.0,5.0,4.0,3.0,3.0,1.0,3.0,3.0,3.0,2.0,3.0,4.0,1.0,4.0,3.0,3.0,3.0,2.0,3.0,2.0,3.0,3.0,3.0,3.0,3.0,3.0,3.0,4.0,5.0,3.0,4.0,4.0,2.0,2.0,3.0,3.0,3.0,4.0,3.0,2.0,2.0,4.0,3.0,1.0,3.0,3.0,4.0,4.0,4.0,4.0,3.0,4.0,4.0,3.0,2.0,4.0,4.0,3.0,3.0,3.0,3.0,4.0,4.0,3.0,2.0,3.0,3.0,3.0,4.0,3.0,3.0,4.0,2.0,3.0,3.0,3.0,3.0,2.0,4.0,4.0,3.0,3.0,2.0,2.0,2.0,3.0,4.0,3.0,1.0,3.0,3.0,4.0,3.0,3.0,3.0,3.0,3.0,3.0,3.0,3.0,3.0,3.0,1.0,3.0,3.0,3.0,3.0,4.0,1.0,3.0,3.0,3.0,3.0,3.0,2.0,3.0,3.0,3.0,1.0,2.0,2.0,5.0,4.0,2.0,3.0,5.0,2.0,3.0,3.0,3.0,3.0,3.0,2.0,2.0,2.0,3.0,1.0,2.0,3.0,3.0,3.0,4.0,1.0,1.0
NUP1619037,Uppsala,Dator 01,PF490001035,NUP1619037,11993.0,,2.0,,,2.0,Completed,42437.56034722222,2492.0,11988.0,LOCAL,,0.0,,119.0,55.0,115.0,46.0,103.0,47.0,124.0,43.0,147.0,78.0,18.0,53.0,20.0,54.0,28.0,64.0,13.0,43.0,17.0,52.0,23.0,55.0,20.0,47.0,16.0,42.0,23.0,45.0,19.0,57.0,17.0,42.0,20.0,52.0,24.0,53.0,19.0,50.0,14.0,50.0,14.0,42.0,12.0,47.0,20.0,46.0,9.0,22.0,22.0,50.0,24.0,48.0,22.0,56.0,23.0,51.0,24.0,50.0,31.0,77.0,20.0,67.0,29.0,75.0,25.0,72.0,21.0,62.0,21.0,71.0,,,,,,,,,,,,,,,,,,,,,,,,,,,,,,,,,,,,,,,,,,,,,,,,,,,,,,,,,,,,,,,,,,,,,,,,,,,,,,,,,,,,,,,,,,,,,,,,,,,,,,,,,,,,,,,,,,,,,,,,,,,,,,,,,,,,,,,,,,,,,,,,,,,,,,,,,,,,,,,,,,,,,,,,,,,,,,,,,,,,,,,,,,,,,,,,,,,,,,,,,,,,,,,,,,,,,,,,,,,,,,,,,,,,,,,,,,,,,,,,,,,,1.0,3.0,4.0,4.0,4.0,4.0,3.0,3.0,3.0,2.0,1.0,2.0,3.0,3.0,4.0,5.0,2.0,4.0,5.0,2.0,2.0,2.0,2.0,2.0,3.0,3.0,2.0,2.0,4.0,4.0,4.0,2.0,2.0,2.0,2.0,2.0,3.0,5.0,1.0,3.0,4.0,5.0,1.0,5.0,3.0,2.0,3.0,3.0,1.0,3.0,3.0,2.0,3.0,2.0,3.0,3.0,5.0,4.0,2.0,4.0,1.0,4.0,3.0,4.0,3.0,2.0,3.0,4.0,3.0,2.0,1.0,3.0,5.0,2.0,5.0,5.0,4.0,5.0,4.0,3.0,2.0,3.0,3.0,2.0,3.0,5.0,3.0,1.0,4.0,3.0,5.0,2.0,3.0,3.0,4.0,1.0,4.0,3.0,2.0,4.0,5.0,3.0,1.0,5.0,3.0,3.0,2.0,3.0,2.0,3.0,5.0,4.0,3.0,5.0,3.0,3.0,3.0,4.0,2.0,3.0,1.0,5.0,3.0,4.0,4.0,3.0,3.0,2.0,4.0,4.0,5.0,4.0,4.0,3.0,4.0,5.0,3.0,4.0,2.0,2.0,3.0,4.0,3.0,2.0,4.0,5.0,4.0,3.0,4.0,2.0,5.0,4.0,3.0,1.0,3.0,3.0,3.0,5.0,2.0,3.0,4.0,4.0,2.0,3.0,4.0,1.0,3.0,4.0,3.0,4.0,4.0,1.0,1.0,2.0,3.0,3.0,3.0,3.0,4.0,4.0,1.0,4.0,1.0,1.0,4.0,4.0,1.0,3.0,2.0,4.0,5.0,4.0,5.0,5.0,4.0,3.0,2.0,2.0,3.0,4.0,3.0,2.0,4.0,5.0,3.0,3.0,2.0,1.0,4.0,5.0,5.0,4.0,5.0,4.0,4.0,3.0,3.0,3.0,3.0,4.0,4.0,3.0,5.0,4.0,4.0,3.0,3.0,4.0,2.0,2.0,3.0,2.0,2.0,1.0,3.0,2.0,4.0,3.0,4.0,3.0,5.0,1.0,1.0
NUP1619036,Uppsala,Dator 01,PF490001036,NUP1619036,11993.0,,1.0,,,2.0,Completed,42430.46880787037,3896.0,11988.0,LOCAL,,0.0,,108.0,54.0,138.0,59.0,91.0,43.0,147.0,63.0,64.0,46.0,16.0,50.0,21.0,61.0,15.0,42.0,17.0,54.0,16.0,50.0,23.0,56.0,25.0,59.0,24.0,63.0,27.0,57.0,16.0,48.0,18.0,46.0,28.0,68.0,20.0,49.0,21.0,56.0,13.0,45.0,12.0,39.0,11.0,42.0,14.0,39.0,24.0,58.0,22.0,53.0,28.0,65.0,28.0,74.0,20.0,49.0,25.0,57.0,8.0,43.0,2.0,29.0,20.0,66.0,14.0,54.0,9.0,36.0,11.0,53.0,,,,,,,,,,,,,,,,,,,,,,,,,,,,,,,,,,,,,,,,,,,,,,,,,,,,,,,,,,,,,,,,,,,,,,,,,,,,,,,,,,,,,,,,,,,,,,,,,,,,,,,,,,,,,,,,,,,,,,,,,,,,,,,,,,,,,,,,,,,,,,,,,,,,,,,,,,,,,,,,,,,,,,,,,,,,,,,,,,,,,,,,,,,,,,,,,,,,,,,,,,,,,,,,,,,,,,,,,,,,,,,,,,,,,,,,,,,,,,,,,,,,4.0,5.0,3.0,2.0,5.0,1.0,3.0,2.0,2.0,3.0,3.0,2.0,2.0,1.0,5.0,2.0,4.0,3.0,5.0,3.0,4.0,2.0,3.0,3.0,3.0,2.0,4.0,3.0,4.0,1.0,2.0,3.0,4.0,4.0,1.0,5.0,4.0,5.0,3.0,5.0,3.0,4.0,5.0,5.0,2.0,4.0,4.0,5.0,1.0,3.0,3.0,4.0,3.0,3.0,4.0,4.0,4.0,4.0,1.0,5.0,5.0,4.0,3.0,3.0,5.0,1.0,3.0,2.0,4.0,2.0,2.0,3.0,4.0,2.0,5.0,3.0,4.0,4.0,5.0,3.0,4.0,2.0,2.0,4.0,4.0,3.0,4.0,2.0,4.0,1.0,1.0,3.0,3.0,5.0,1.0,5.0,5.0,3.0,1.0,5.0,4.0,4.0,4.0,5.0,2.0,3.0,2.0,3.0,1.0,3.0,4.0,5.0,3.0,5.0,4.0,4.0,2.0,4.0,2.0,4.0,3.0,4.0,3.0,2.0,4.0,1.0,4.0,3.0,5.0,2.0,4.0,3.0,3.0,2.0,5.0,4.0,3.0,4.0,4.0,3.0,4.0,4.0,2.0,3.0,5.0,4.0,3.0,3.0,4.0,2.0,3.0,3.0,3.0,4.0,4.0,5.0,4.0,5.0,1.0,4.0,3.0,3.0,2.0,5.0,3.0,5.0,2.0,4.0,3.0,4.0,1.0,3.0,3.0,4.0,4.0,4.0,3.0,5.0,5.0,5.0,4.0,3.0,2.0,4.0,3.0,2.0,2.0,3.0,3.0,4.0,4.0,3.0,3.0,4.0,5.0,3.0,2.0,3.0,2.0,3.0,2.0,2.0,4.0,4.0,2.0,4.0,3.0,1.0,4.0,4.0,2.0,3.0,3.0,4.0,4.0,2.0,4.0,2.0,3.0,1.0,3.0,3.0,4.0,4.0,4.0,4.0,3.0,3.0,1.0,2.0,5.0,3.0,4.0,2.0,4.0,4.0,3.0,3.0,3.0,4.0,4.0,1.0,1.0
NUP1624806,Uppsala,Dator 01,PF490001037,NUP1624806,258.0,,1.0,,,2.0,Completed,42530.428032407406,2462.0,256.0,LOCAL,,0.0,,117.0,58.0,107.0,43.0,92.0,43.0,122.0,48.0,82.0,55.0,23.0,64.0,14.0,50.0,20.0,53.0,10.0,39.0,27.0,68.0,23.0,56.0,24.0,56.0,14.0,40.0,20.0,41.0,14.0,44.0,14.0,37.0,21.0,54.0,18.0,44.0,20.0,54.0,12.0,43.0,7.0,26.0,21.0,61.0,14.0,39.0,15.0,37.0,21.0,51.0,27.0,62.0,24.0,64.0,10.0,29.0,25.0,57.0,11.0,49.0,10.0,47.0,18.0,62.0,19.0,66.0,14.0,49.0,10.0,50.0,,,,,,,,,,,,,,,,,,,,,,,,,,,,,,,,,,,,,,,,,,,,,,,,,,,,,,,,,,,,,,,,,,,,,,,,,,,,,,,,,,,,,,,,,,,,,,,,,,,,,,,,,,,,,,,,,,,,,,,,,,,,,,,,,,,,,,,,,,,,,,,,,,,,,,,,,,,,,,,,,,,,,,,,,,,,,,,,,,,,,,,,,,,,,,,,,,,,,,,,,,,,,,,,,,,,,,,,,,,,,,,,,,,,,,,,,,,,,,,,,,,,5.0,4.0,4.0,5.0,4.0,2.0,1.0,3.0,1.0,2.0,3.0,1.0,4.0,2.0,5.0,4.0,4.0,2.0,5.0,4.0,3.0,2.0,5.0,5.0,4.0,1.0,4.0,1.0,3.0,5.0,2.0,4.0,2.0,5.0,1.0,3.0,3.0,4.0,1.0,2.0,4.0,4.0,3.0,5.0,5.0,4.0,3.0,1.0,4.0,4.0,3.0,3.0,1.0,2.0,4.0,4.0,5.0,4.0,1.0,4.0,5.0,5.0,4.0,3.0,5.0,1.0,4.0,5.0,4.0,3.0,4.0,4.0,4.0,2.0,4.0,5.0,4.0,5.0,4.0,4.0,4.0,5.0,4.0,4.0,4.0,2.0,2.0,1.0,3.0,2.0,2.0,2.0,2.0,4.0,2.0,4.0,5.0,3.0,4.0,3.0,5.0,5.0,4.0,5.0,1.0,3.0,1.0,2.0,1.0,4.0,4.0,1.0,2.0,5.0,3.0,4.0,2.0,5.0,2.0,4.0,3.0,2.0,4.0,4.0,4.0,3.0,4.0,3.0,5.0,4.0,4.0,3.0,4.0,2.0,3.0,4.0,5.0,4.0,4.0,2.0,4.0,4.0,4.0,4.0,3.0,5.0,3.0,4.0,4.0,2.0,4.0,3.0,3.0,2.0,4.0,5.0,5.0,4.0,1.0,4.0,2.0,2.0,2.0,4.0,4.0,3.0,2.0,2.0,2.0,2.0,3.0,5.0,1.0,2.0,4.0,4.0,2.0,2.0,5.0,4.0,4.0,4.0,2.0,3.0,4.0,4.0,3.0,2.0,2.0,4.0,4.0,1.0,3.0,4.0,4.0,2.0,2.0,4.0,3.0,2.0,4.0,2.0,4.0,2.0,4.0,4.0,4.0,3.0,4.0,4.0,4.0,2.0,2.0,3.0,4.0,2.0,3.0,2.0,3.0,4.0,2.0,2.0,4.0,5.0,2.0,4.0,2.0,2.0,1.0,2.0,5.0,3.0,4.0,4.0,2.0,4.0,2.0,1.0,5.0,4.0,5.0,1.0,1.0
